100,,,,,,,,,,,,,,,,,,7,abandoned
100,,,,,,,,,,,,,,,,,,14,resigned
100,,,,,,,,,,,,,,,,,,5,resigned
100,,,,,,,,,,,,,,,,,,8,resigned
100,,,,,,,,,,,,,,,,,,16,resigned
100,,,,,,,,,,,,,,,,,,8,resigned
100,,,,,,,,,,,,,,,,,,13,resigned
100,,,,,,,,,,,,,,,,,,9,resigned
100,,,,,,,,,,,,,,,,,,11,resigned
100,,,,,,,,,,,,,,,,,,8,repetition
100,,,,,,,,,,,,,,,,,,6,resigned
99.89,,,,,,,,,,,,,,,,,,10,resigned
99.85,,,,,,,,,,,,,,,,,,10,resigned
99.85,,,,,,,,,,,,,,,,,,15,resigned
99.82,,,,,,,,,,,,,,,,,,8,repetition
99.82,,,,,,,,,,,,,,,,,,8,repetition
99.78,,,,,,,,,,,,,,,,,,14,resigned
99.63,,,,,,,,,,,,,,,,,,14,resigned
99.49,,,,,,,,,,,,,,,,,,17,resigned
99.43,,,,,,,,,,,,,,,,,,14,resigned
99.42,,,,,,,,,,,,,,,,,,14,resigned
99.4,,,,,,,,,,,,,,,,,,13,resigned
99.39,,,,,,,,,,,,,,,,,,16,resigned
99.31,,,,,,,,,,,,,,,,,,13,resigned
99.26,,,,,,,,,,,,,,,,,,20,checkmated
99.22,,,,,,,,,,,,,,,,,,11,resigned
99.21,,,,,,,,,,,,,,,,,,17,resigned
99.1,,,,,,,,,,,,,,,,,,13,resigned
99.05,,,,,,,,,,,,,,,,,,10,repetition
99.05,,,,,,,,,,,,,,,,,,18,resigned
98.99,,,,,,,,,,,,,,,,,,12,resigned
98.92,,,,,,,,,,,,,,,,,,12,resigned
98.9,,,,,,,,,,,,,,,,,,13,resigned
98.87,,,,,,,,,,,,,,,,,,18,agreed
98.78,,,,,,,,,,,,,,,,,,10,resigned
98.77,,,,,,,,,,,,,,,,,,16,resigned
98.74,,,,,,,,,,,,,,,,,,16,resigned
98.7,,,,,,,,,,,,,,,,,,17,resigned
98.62,,,,,,,,,,,,,,,,,,8,resigned
98.61,,,,,,,,,,,,,,,,,,49,resigned
98.61,,,,,,,,,,,,,,,,,,12,resigned
98.59,,,,,,,,,,,,,,,,,,16,resigned
98.59,,,,,,,,,,,,,,,,,,43,resigned
98.56,,,,,,,,,,,,,,,,,,14,resigned
98.54,,,,,,,,,,,,,,,,,,18,abandoned
98.52,,,,,,,,,,,,,,,,,,87,timeout
98.51,,,,,,,,,,,,,,,,,,14,resigned
98.51,,,,,,,,,,,,,,,,,,17,resigned
98.41,,,,,,,,,,,,,,,,,,14,agreed
98.4,,,,,,,,,,,,,,,,,,11,resigned
98.39,,,,,,,,,,,,,,,,,,14,resigned
98.38,,,,,,,,,,,,,,,,,,15,resigned
98.38,,,,,,,,,,,,,,,,,,9,resigned
98.37,,,,,,,,,,,,,,,,,,10,agreed
98.37,,,,,,,,,,,,,,,,,,12,resigned
98.33,,,,,,,,,,,,,,,,,,17,resigned
98.32,,,,,,,,,,,,,,,,,,9,resigned
98.31,,,,,,,,,,,,,,,,,,23,resigned
98.23,,,,,,,,,,,,,,,,,,21,agreed
98.22,,,,,,,,,,,,,,,,,,17,resigned
98.21,,,,,,,,,,,,,,,,,,12,resigned
98.17,,,,,,,,,,,,,,,,,,21,resigned
98.15,,,,,,,,,,,,,,,,,,13,resigned
98.13,,,,,,,,,,,,,,,,,,18,resigned
98.13,,,,,,,,,,,,,,,,,,46,resigned
98.08,,,,,,,,,,,,,,,,,,8,agreed
98.05,,,,,,,,,,,,,,,,,,20,resigned
98,,,,,,,,,,,,,,,,,,21,resigned
97.96,,,,,,,,,,,,,,,,,,20,resigned
97.92,,,,,,,,,,,,,,,,,,15,agreed
97.92,,,,,,,,,,,,,,,,,,25,resigned
97.91,,,,,,,,,,,,,,,,,,40,repetition
97.89,,,,,,,,,,,,,,,,,,16,resigned
97.86,,,,,,,,,,,,,,,,,,10,resigned
97.85,,,,,,,,,,,,,,,,,,47,resigned
97.82,,,,,,,,,,,,,,,,,,19,checkmated
97.8,,,,,,,,,,,,,,,,,,49,repetition
97.78,,,,,,,,,,,,,,,,,,16,resigned
97.76,,,,,,,,,,,,,,,,,,18,resigned
97.76,,,,,,,,,,,,,,,,,,20,resigned
97.76,,,,,,,,,,,,,,,,,,16,resigned
97.7,,,,,,,,,,,,,,,,,,22,abandoned
97.68,,,,,,,,,,,,,,,,,,35,resigned
97.68,,,,,,,,,,,,,,,,,,26,resigned
97.66,,,,,,,,,,,,,,,,,,15,resigned
97.63,,,,,,,,,,,,,,,,,,28,resigned
97.62,,,,,,,,,,,,,,,,,,45,resigned
97.61,,,,,,,,,,,,,,,,,,14,resigned
97.61,,,,,,,,,,,,,,,,,,12,resigned
97.59,,,,,,,,,,,,,,,,,,38,checkmated
97.58,,,,,,,,,,,,,,,,,,37,agreed
97.57,,,,,,,,,,,,,,,,,,32,resigned
97.56,,,,,,,,,,,,,,,,,,52,timeout
97.51,,,,,,,,,,,,,,,,,,15,resigned
97.51,,,,,,,,,,,,,,,,,,31,resigned
97.49,,,,,,,,,,,,,,,,,,36,timeout
97.48,,,,,,,,,,,,,,,,,,20,resigned
97.48,,,,,,,,,,,,,,,,,,18,resigned
97.48,,,,,,,,,,,,,,,,,,20,resigned
97.47,,,,,,,,,,,,,,,,,,18,resigned
97.43,,,,,,,,,,,,,,,,,,9,resigned
97.41,,,,,,,,,,,,,,,,,,32,resigned
97.37,,,,,,,,,,,,,,,,,,36,timeout
97.3,,,,,,,,,,,,,,,,,,15,resigned
97.27,,,,,,,,,,,,,,,,,,50,repetition
97.25,,,,,,,,,,,,,,,,,,18,resigned
97.25,,,,,,,,,,,,,,,,,,52,resigned
97.22,,,,,,,,,,,,,,,,,,12,resigned
97.21,,,,,,,,,,,,,,,,,,26,agreed
97.16,,,,,,,,,,,,,,,,,,11,resigned
97.15,,,,,,,,,,,,,,,,,,25,resigned
97.15,,,,,,,,,,,,,,,,,,46,resigned
97.14,,,,,,,,,,,,,,,,,,64,stalemate
97.13,,,,,,,,,,,,,,,,,,41,resigned
97.12,,,,,,,,,,,,,,,,,,20,resigned
97.11,,,,,,,,,,,,,,,,,,24,resigned
97.09,,,,,,,,,,,,,,,,,,22,resigned
97.06,,,,,,,,,,,,,,,,,,11,abandoned
97.04,,,,,,,,,,,,,,,,,,25,resigned
97.04,,,,,,,,,,,,,,,,,,12,timeout
97.01,,,,,,,,,,,,,,,,,,21,resigned
96.98,,,,,,,,,,,,,,,,,,25,resigned
96.97,,,,,,,,,,,,,,,,,,16,agreed
96.97,,,,,,,,,,,,,,,,,,48,repetition
96.95,,,,,,,,,,,,,,,,,,26,resigned
96.92,,,,,,,,,,,,,,,,,,36,repetition
96.89,,,,,,,,,,,,,,,,,,21,resigned
96.86,,,,,,,,,,,,,,,,,,18,resigned
96.84,,,,,,,,,,,,,,,,,,37,resigned
96.82,,,,,,,,,,,,,,,,,,17,resigned
96.82,,,,,,,,,,,,,,,,,,57,repetition
96.79,,,,,,,,,,,,,,,,,,29,resigned
96.76,,,,,,,,,,,,,,,,,,72,repetition
96.74,,,,,,,,,,,,,,,,,,18,resigned
96.72,,,,,,,,,,,,,,,,,,46,agreed
96.62,,,,,,,,,,,,,,,,,,17,resigned
96.56,,,,,,,,,,,,,,,,,,11,repetition
96.55,,,,,,,,,,,,,,,,,,132,timeout
96.53,,,,,,,,,,,,,,,,,,10,resigned
96.52,,,,,,,,,,,,,,,,,,134,timeout
96.49,,,,,,,,,,,,,,,,,,15,resigned
96.44,,,,,,,,,,,,,,,,,,28,timeout
96.44,,,,,,,,,,,,,,,,,,45,resigned
96.43,,,,,,,,,,,,,,,,,,20,resigned
96.41,,,,,,,,,,,,,,,,,,55,repetition
96.41,,,,,,,,,,,,,,,,,,27,agreed
96.39,,,,,,,,,,,,,,,,,,9,timeout
96.37,,,,,,,,,,,,,,,,,,20,resigned
96.37,,,,,,,,,,,,,,,,,,24,resigned
96.36,,,,,,,,,,,,,,,,,,25,abandoned
96.36,,,,,,,,,,,,,,,,,,25,agreed
96.35,,,,,,,,,,,,,,,,,,64,insufficient
96.34,,,,,,,,,,,,,,,,,,19,resigned
96.3,,,,,,,,,,,,,,,,,,23,resigned
96.29,,,,,,,,,,,,,,,,,,23,resigned
96.26,,,,,,,,,,,,,,,,,,46,resigned
96.2,,,,,,,,,,,,,,,,,,40,resigned
96.17,,,,,,,,,,,,,,,,,,97,repetition
96.14,,,,,,,,,,,,,,,,,,16,resigned
96.13,,,,,,,,,,,,,,,,,,39,agreed
96.13,,,,,,,,,,,,,,,,,,22,resigned
96.12,,,,,,,,,,,,,,,,,,18,resigned
96.1,,,,,,,,,,,,,,,,,,11,checkmated
96.09,,,,,,,,,,,,,,,,,,22,resigned
96.04,,,,,,,,,,,,,,,,,,31,resigned
96.02,,,,,,,,,,,,,,,,,,22,timeout
96,,,,,,,,,,,,,,,,,,47,repetition
95.98,,,,,,,,,,,,,,,,,,49,timeout
95.97,,,,,,,,,,,,,,,,,,21,checkmated
95.97,,,,,,,,,,,,,,,,,,25,resigned
95.96,,,,,,,,,,,,,,,,,,21,resigned
95.95,,,,,,,,,,,,,,,,,,43,checkmated
95.94,,,,,,,,,,,,,,,,,,35,resigned
95.89,,,,,,,,,,,,,,,,,,40,timeout
95.86,,,,,,,,,,,,,,,,,,51,repetition
95.84,,,,,,,,,,,,,,,,,,45,resigned
95.83,,,,,,,,,,,,,,,,,,45,agreed
95.8,,,,,,,,,,,,,,,,,,29,resigned
95.79,,,,,,,,,,,,,,,,,,48,timeout
95.78,,,,,,,,,,,,,,,,,,21,checkmated
95.75,,,,,,,,,,,,,,,,,,22,resigned
95.74,,,,,,,,,,,,,,,,,,87,insufficient
95.74,,,,,,,,,,,,,,,,,,25,resigned
95.74,,,,,,,,,,,,,,,,,,26,resigned
95.73,,,,,,,,,,,,,,,,,,119,50move
95.7,,,,,,,,,,,,,,,,,,49,timeout
95.67,,,,,,,,,,,,,,,,,,16,resigned
95.67,,,,,,,,,,,,,,,,,,20,checkmated
95.67,,,,,,,,,,,,,,,,,,63,repetition
95.63,,,,,,,,,,,,,,,,,,36,timeout
95.61,,,,,,,,,,,,,,,,,,12,resigned
95.58,,,,,,,,,,,,,,,,,,24,resigned
95.56,,,,,,,,,,,,,,,,,,26,resigned
95.49,,,,,,,,,,,,,,,,,,50,timeout
95.49,,,,,,,,,,,,,,,,,,42,resigned
95.48,,,,,,,,,,,,,,,,,,33,repetition
95.47,,,,,,,,,,,,,,,,,,38,resigned
95.46,,,,,,,,,,,,,,,,,,22,resigned
95.45,,,,,,,,,,,,,,,,,,41,resigned
95.43,,,,,,,,,,,,,,,,,,27,resigned
95.42,,,,,,,,,,,,,,,,,,35,timeout
95.42,,,,,,,,,,,,,,,,,,22,resigned
95.41,,,,,,,,,,,,,,,,,,17,resigned
95.39,,,,,,,,,,,,,,,,,,81,repetition
95.39,,,,,,,,,,,,,,,,,,34,resigned
95.37,,,,,,,,,,,,,,,,,,48,checkmated
95.34,,,,,,,,,,,,,,,,,,24,resigned
95.34,,,,,,,,,,,,,,,,,,18,agreed
95.33,,,,,,,,,,,,,,,,,,20,abandoned
95.3,,,,,,,,,,,,,,,,,,18,resigned
95.3,,,,,,,,,,,,,,,,,,73,timeout
95.29,,,,,,,,,,,,,,,,,,35,agreed
95.27,,,,,,,,,,,,,,,,,,17,resigned
95.27,,,,,,,,,,,,,,,,,,16,resigned
95.23,,,,,,,,,,,,,,,,,,18,abandoned
95.23,,,,,,,,,,,,,,,,,,24,resigned
95.23,,,,,,,,,,,,,,,,,,52,repetition
95.22,,,,,,,,,,,,,,,,,,27,agreed
95.22,,,,,,,,,,,,,,,,,,83,insufficient
95.21,,,,,,,,,,,,,,,,,,72,insufficient
95.2,,,,,,,,,,,,,,,,,,38,repetition
95.17,,,,,,,,,,,,,,,,,,11,resigned
95.17,,,,,,,,,,,,,,,,,,70,repetition
95.14,,,,,,,,,,,,,,,,,,33,resigned
95.13,,,,,,,,,,,,,,,,,,33,resigned
95.11,,,,,,,,,,,,,,,,,,36,repetition
95.07,,,,,,,,,,,,,,,,,,18,resigned
95.05,,,,,,,,,,,,,,,,,,15,agreed
95.01,,,,,,,,,,,,,,,,,,16,resigned
95.01,,,,,,,,,,,,,,,,,,47,timeout
95,,,,,,,,,,,,,,,,,,32,checkmated
94.99,,,,,,,,,,,,,,,,,,22,checkmated
94.98,,,,,,,,,,,,,,,,,,43,resigned
94.98,,,,,,,,,,,,,,,,,,23,resigned
94.98,,,,,,,,,,,,,,,,,,20,resigned
94.97,,,,,,,,,,,,,,,,,,18,resigned
94.95,,,,,,,,,,,,,,,,,,52,resigned
94.91,,,,,,,,,,,,,,,,,,23,resigned
94.9,,,,,,,,,,,,,,,,,,49,agreed
94.89,,,,,,,,,,,,,,,,,,30,timeout
94.86,,,,,,,,,,,,,,,,,,48,repetition
94.85,,,,,,,,,,,,,,,,,,11,resigned
94.81,,,,,,,,,,,,,,,,,,35,agreed
94.81,,,,,,,,,,,,,,,,,,52,timeout
94.8,,,,,,,,,,,,,,,,,,52,timeout
94.8,,,,,,,,,,,,,,,,,,15,resigned
94.78,,,,,,,,,,,,,,,,,,30,resigned
94.71,,,,,,,,,,,,,,,,,,22,resigned
94.66,,,,,,,,,,,,,,,,,,20,resigned
94.66,,,,,,,,,,,,,,,,,,40,resigned
94.63,,,,,,,,,,,,,,,,,,60,resigned
94.6,,,,,,,,,,,,,,,,,,26,resigned
94.6,,,,,,,,,,,,,,,,,,16,agreed
94.59,,,,,,,,,,,,,,,,,,28,resigned
94.59,,,,,,,,,,,,,,,,,,19,agreed
94.56,,,,,,,,,,,,,,,,,,59,checkmated
94.54,,,,,,,,,,,,,,,,,,42,resigned
94.54,,,,,,,,,,,,,,,,,,65,checkmated
94.53,,,,,,,,,,,,,,,,,,31,resigned
94.53,,,,,,,,,,,,,,,,,,44,resigned
94.52,,,,,,,,,,,,,,,,,,23,checkmated
94.49,,,,,,,,,,,,,,,,,,21,resigned
94.49,,,,,,,,,,,,,,,,,,21,resigned
94.48,,,,,,,,,,,,,,,,,,19,resigned
94.47,,,,,,,,,,,,,,,,,,14,resigned
94.45,,,,,,,,,,,,,,,,,,19,resigned
94.45,,,,,,,,,,,,,,,,,,44,resigned
94.44,,,,,,,,,,,,,,,,,,36,resigned
94.41,,,,,,,,,,,,,,,,,,22,resigned
94.41,,,,,,,,,,,,,,,,,,96,timeout
94.39,,,,,,,,,,,,,,,,,,20,resigned
94.37,,,,,,,,,,,,,,,,,,9,resigned
94.37,,,,,,,,,,,,,,,,,,29,resigned
94.33,,,,,,,,,,,,,,,,,,51,resigned
94.32,,,,,,,,,,,,,,,,,,22,resigned
94.32,,,,,,,,,,,,,,,,,,32,resigned
94.28,,,,,,,,,,,,,,,,,,42,repetition
94.28,,,,,,,,,,,,,,,,,,17,resigned
94.23,,,,,,,,,,,,,,,,,,18,resigned
94.23,,,,,,,,,,,,,,,,,,35,resigned
94.22,,,,,,,,,,,,,,,,,,25,abandoned
94.22,,,,,,,,,,,,,,,,,,37,checkmated
94.2,,,,,,,,,,,,,,,,,,45,repetition
94.19,,,,,,,,,,,,,,,,,,35,resigned
94.17,,,,,,,,,,,,,,,,,,19,resigned
94.12,,,,,,,,,,,,,,,,,,41,resigned
94.12,,,,,,,,,,,,,,,,,,32,resigned
94.1,,,,,,,,,,,,,,,,,,83,checkmated
94.1,,,,,,,,,,,,,,,,,,11,resigned
94.08,,,,,,,,,,,,,,,,,,11,resigned
94.08,,,,,,,,,,,,,,,,,,16,resigned
94.06,,,,,,,,,,,,,,,,,,19,resigned
94.06,,,,,,,,,,,,,,,,,,16,repetition
94.05,,,,,,,,,,,,,,,,,,34,checkmated
94.03,,,,,,,,,,,,,,,,,,35,resigned
94.02,,,,,,,,,,,,,,,,,,33,resigned
94,,,,,,,,,,,,,,,,,,65,repetition
94,,,,,,,,,,,,,,,,,,52,resigned
93.97,,,,,,,,,,,,,,,,,,29,resigned
93.95,,,,,,,,,,,,,,,,,,25,timeout
93.95,,,,,,,,,,,,,,,,,,88,repetition
93.93,,,,,,,,,,,,,,,,,,55,repetition
93.92,,,,,,,,,,,,,,,,,,18,abandoned
93.9,,,,,,,,,,,,,,,,,,44,checkmated
93.9,,,,,,,,,,,,,,,,,,83,50move
93.89,,,,,,,,,,,,,,,,,,18,resigned
93.89,,,,,,,,,,,,,,,,,,25,resigned
93.86,,,,,,,,,,,,,,,,,,43,resigned
93.83,,,,,,,,,,,,,,,,,,25,resigned
93.83,,,,,,,,,,,,,,,,,,29,resigned
93.82,,,,,,,,,,,,,,,,,,50,resigned
93.8,,,,,,,,,,,,,,,,,,12,checkmated
93.78,,,,,,,,,,,,,,,,,,18,resigned
93.73,,,,,,,,,,,,,,,,,,52,repetition
93.73,,,,,,,,,,,,,,,,,,66,repetition
93.71,,,,,,,,,,,,,,,,,,59,insufficient
93.71,,,,,,,,,,,,,,,,,,21,resigned
93.69,,,,,,,,,,,,,,,,,,37,checkmated
93.65,,,,,,,,,,,,,,,,,,55,checkmated
93.65,,,,,,,,,,,,,,,,,,24,resigned
93.65,,,,,,,,,,,,,,,,,,57,checkmated
93.63,,,,,,,,,,,,,,,,,,29,resigned
93.63,,,,,,,,,,,,,,,,,,70,repetition
93.62,,,,,,,,,,,,,,,,,,40,timeout
93.6,,,,,,,,,,,,,,,,,,43,resigned
93.59,,,,,,,,,,,,,,,,,,59,checkmated
93.53,,,,,,,,,,,,,,,,,,45,insufficient
93.53,,,,,,,,,,,,,,,,,,58,repetition
93.53,,,,,,,,,,,,,,,,,,47,resigned
93.52,,,,,,,,,,,,,,,,,,40,resigned
93.51,,,,,,,,,,,,,,,,,,24,resigned
93.49,,,,,,,,,,,,,,,,,,29,checkmated
93.45,,,,,,,,,,,,,,,,,,27,resigned
93.45,,,,,,,,,,,,,,,,,,90,checkmated
93.45,,,,,,,,,,,,,,,,,,57,checkmated
93.4,,,,,,,,,,,,,,,,,,44,resigned
93.39,,,,,,,,,,,,,,,,,,30,checkmated
93.37,,,,,,,,,,,,,,,,,,20,resigned
93.37,,,,,,,,,,,,,,,,,,35,resigned
93.36,,,,,,,,,,,,,,,,,,36,repetition
93.35,,,,,,,,,,,,,,,,,,37,resigned
93.35,,,,,,,,,,,,,,,,,,23,checkmated
93.34,,,,,,,,,,,,,,,,,,26,checkmated
93.34,,,,,,,,,,,,,,,,,,22,resigned
93.33,,,,,,,,,,,,,,,,,,20,resigned
93.33,,,,,,,,,,,,,,,,,,32,resigned
93.33,,,,,,,,,,,,,,,,,,18,resigned
93.33,,,,,,,,,,,,,,,,,,36,agreed
93.33,,,,,,,,,,,,,,,,,,24,resigned
93.31,,,,,,,,,,,,,,,,,,19,resigned
93.3,,,,,,,,,,,,,,,,,,76,timeout
93.3,,,,,,,,,,,,,,,,,,43,resigned
93.29,,,,,,,,,,,,,,,,,,36,resigned
93.27,,,,,,,,,,,,,,,,,,37,resigned
93.25,,,,,,,,,,,,,,,,,,39,checkmated
93.25,,,,,,,,,,,,,,,,,,22,resigned
93.24,,,,,,,,,,,,,,,,,,44,timeout
93.19,,,,,,,,,,,,,,,,,,76,timeout
93.17,,,,,,,,,,,,,,,,,,23,resigned
93.16,,,,,,,,,,,,,,,,,,47,resigned
93.15,,,,,,,,,,,,,,,,,,19,resigned
93.14,,,,,,,,,,,,,,,,,,46,resigned
93.14,,,,,,,,,,,,,,,,,,18,resigned
93.11,,,,,,,,,,,,,,,,,,34,timeout
93.1,,,,,,,,,,,,,,,,,,25,resigned
93.09,,,,,,,,,,,,,,,,,,26,abandoned
93.09,,,,,,,,,,,,,,,,,,21,timeout
93.08,,,,,,,,,,,,,,,,,,77,timeout
93.05,,,,,,,,,,,,,,,,,,59,checkmated
93.04,,,,,,,,,,,,,,,,,,35,resigned
93.04,,,,,,,,,,,,,,,,,,28,resigned
93.04,,,,,,,,,,,,,,,,,,36,resigned
93.04,,,,,,,,,,,,,,,,,,35,resigned
93.03,,,,,,,,,,,,,,,,,,20,agreed
93.03,,,,,,,,,,,,,,,,,,52,agreed
93.03,,,,,,,,,,,,,,,,,,22,checkmated
93.02,,,,,,,,,,,,,,,,,,30,resigned
93.02,,,,,,,,,,,,,,,,,,25,resigned
93.02,,,,,,,,,,,,,,,,,,47,timeout
93,,,,,,,,,,,,,,,,,,12,resigned
93,,,,,,,,,,,,,,,,,,52,checkmated
92.99,,,,,,,,,,,,,,,,,,13,checkmated
92.96,,,,,,,,,,,,,,,,,,37,resigned
92.96,,,,,,,,,,,,,,,,,,49,timeout
92.95,,,,,,,,,,,,,,,,,,57,timeout
92.93,,,,,,,,,,,,,,,,,,17,agreed
92.93,,,,,,,,,,,,,,,,,,61,timeout
92.92,,,,,,,,,,,,,,,,,,43,resigned
92.9,,,,,,,,,,,,,,,,,,51,timeout
92.89,,,,,,,,,,,,,,,,,,35,resigned
92.89,,,,,,,,,,,,,,,,,,33,checkmated
92.89,,,,,,,,,,,,,,,,,,25,resigned
92.87,,,,,,,,,,,,,,,,,,31,checkmated
92.86,,,,,,,,,,,,,,,,,,41,agreed
92.85,,,,,,,,,,,,,,,,,,30,checkmated
92.84,,,,,,,,,,,,,,,,,,22,resigned
92.83,,,,,,,,,,,,,,,,,,38,checkmated
92.83,,,,,,,,,,,,,,,,,,26,abandoned
92.83,,,,,,,,,,,,,,,,,,132,insufficient
92.79,,,,,,,,,,,,,,,,,,19,resigned
92.77,,,,,,,,,,,,,,,,,,38,checkmated
92.76,,,,,,,,,,,,,,,,,,13,resigned
92.76,,,,,,,,,,,,,,,,,,16,timeout
92.76,,,,,,,,,,,,,,,,,,49,checkmated
92.73,,,,,,,,,,,,,,,,,,31,resigned
92.72,,,,,,,,,,,,,,,,,,73,checkmated
92.71,,,,,,,,,,,,,,,,,,21,resigned
92.7,,,,,,,,,,,,,,,,,,40,resigned
92.7,,,,,,,,,,,,,,,,,,34,timeout
92.66,,,,,,,,,,,,,,,,,,60,repetition
92.66,,,,,,,,,,,,,,,,,,43,resigned
92.65,,,,,,,,,,,,,,,,,,41,resigned
92.64,,,,,,,,,,,,,,,,,,19,resigned
92.62,,,,,,,,,,,,,,,,,,37,repetition
92.62,,,,,,,,,,,,,,,,,,23,resigned
92.6,,,,,,,,,,,,,,,,,,30,resigned
92.6,,,,,,,,,,,,,,,,,,25,resigned
92.58,,,,,,,,,,,,,,,,,,38,timeout
92.57,,,,,,,,,,,,,,,,,,47,resigned
92.56,,,,,,,,,,,,,,,,,,25,resigned
92.55,,,,,,,,,,,,,,,,,,37,resigned
92.54,,,,,,,,,,,,,,,,,,32,repetition
92.5,,,,,,,,,,,,,,,,,,56,checkmated
92.5,,,,,,,,,,,,,,,,,,80,timeout
92.47,,,,,,,,,,,,,,,,,,40,repetition
92.43,,,,,,,,,,,,,,,,,,20,timeout
92.43,,,,,,,,,,,,,,,,,,29,resigned
92.43,,,,,,,,,,,,,,,,,,45,checkmated
92.42,,,,,,,,,,,,,,,,,,31,resigned
92.38,,,,,,,,,,,,,,,,,,34,checkmated
92.38,,,,,,,,,,,,,,,,,,33,resigned
92.36,,,,,,,,,,,,,,,,,,26,checkmated
92.36,,,,,,,,,,,,,,,,,,77,timeout
92.33,,,,,,,,,,,,,,,,,,50,checkmated
92.3,,,,,,,,,,,,,,,,,,23,resigned
92.3,,,,,,,,,,,,,,,,,,29,resigned
92.3,,,,,,,,,,,,,,,,,,92,insufficient
92.29,,,,,,,,,,,,,,,,,,54,resigned
92.28,,,,,,,,,,,,,,,,,,54,resigned
92.28,,,,,,,,,,,,,,,,,,56,checkmated
92.28,,,,,,,,,,,,,,,,,,29,resigned
92.27,,,,,,,,,,,,,,,,,,25,resigned
92.23,,,,,,,,,,,,,,,,,,18,checkmated
92.23,,,,,,,,,,,,,,,,,,29,resigned
92.23,,,,,,,,,,,,,,,,,,50,resigned
92.23,,,,,,,,,,,,,,,,,,54,resigned
92.22,,,,,,,,,,,,,,,,,,69,resigned
92.18,,,,,,,,,,,,,,,,,,44,checkmated
92.18,,,,,,,,,,,,,,,,,,34,resigned
92.16,,,,,,,,,,,,,,,,,,20,resigned
92.15,,,,,,,,,,,,,,,,,,51,checkmated
92.15,,,,,,,,,,,,,,,,,,41,resigned
92.13,,,,,,,,,,,,,,,,,,38,repetition
92.13,,,,,,,,,,,,,,,,,,36,resigned
92.13,,,,,,,,,,,,,,,,,,54,checkmated
92.12,,,,,,,,,,,,,,,,,,31,resigned
92.09,,,,,,,,,,,,,,,,,,71,checkmated
92.07,,,,,,,,,,,,,,,,,,71,resigned
92.05,,,,,,,,,,,,,,,,,,42,repetition
92.04,,,,,,,,,,,,,,,,,,39,checkmated
92.03,,,,,,,,,,,,,,,,,,21,resigned
92,,,,,,,,,,,,,,,,,,10,resigned
92,,,,,,,,,,,,,,,,,,40,repetition
91.97,,,,,,,,,,,,,,,,,,25,checkmated
91.96,,,,,,,,,,,,,,,,,,47,resigned
91.96,,,,,,,,,,,,,,,,,,16,resigned
91.94,,,,,,,,,,,,,,,,,,33,resigned
91.93,,,,,,,,,,,,,,,,,,56,timeout
91.92,,,,,,,,,,,,,,,,,,20,resigned
91.91,,,,,,,,,,,,,,,,,,48,repetition
91.88,,,,,,,,,,,,,,,,,,38,timeout
91.86,,,,,,,,,,,,,,,,,,61,checkmated
91.86,,,,,,,,,,,,,,,,,,47,checkmated
91.85,,,,,,,,,,,,,,,,,,37,resigned
91.83,,,,,,,,,,,,,,,,,,73,resigned
91.8,,,,,,,,,,,,,,,,,,40,resigned
91.78,,,,,,,,,,,,,,,,,,77,timeout
91.77,,,,,,,,,,,,,,,,,,23,resigned
91.77,,,,,,,,,,,,,,,,,,35,checkmated
91.77,,,,,,,,,,,,,,,,,,53,timeout
91.76,,,,,,,,,,,,,,,,,,60,checkmated
91.75,,,,,,,,,,,,,,,,,,26,resigned
91.72,,,,,,,,,,,,,,,,,,25,resigned
91.72,,,,,,,,,,,,,,,,,,21,resigned
91.72,,,,,,,,,,,,,,,,,,33,abandoned
91.71,,,,,,,,,,,,,,,,,,40,checkmated
91.71,,,,,,,,,,,,,,,,,,43,resigned
91.71,,,,,,,,,,,,,,,,,,25,checkmated
91.69,,,,,,,,,,,,,,,,,,34,resigned
91.67,,,,,,,,,,,,,,,,,,28,resigned
91.66,,,,,,,,,,,,,,,,,,26,checkmated
91.65,,,,,,,,,,,,,,,,,,48,timeout
91.64,,,,,,,,,,,,,,,,,,27,checkmated
91.64,,,,,,,,,,,,,,,,,,19,resigned
91.62,,,,,,,,,,,,,,,,,,19,agreed
91.62,,,,,,,,,,,,,,,,,,24,checkmated
91.62,,,,,,,,,,,,,,,,,,26,resigned
91.59,,,,,,,,,,,,,,,,,,22,resigned
91.57,,,,,,,,,,,,,,,,,,25,resigned
91.56,,,,,,,,,,,,,,,,,,48,resigned
91.55,,,,,,,,,,,,,,,,,,25,resigned
91.55,,,,,,,,,,,,,,,,,,32,resigned
91.54,,,,,,,,,,,,,,,,,,29,resigned
91.53,,,,,,,,,,,,,,,,,,31,resigned
91.5,,,,,,,,,,,,,,,,,,25,agreed
91.5,,,,,,,,,,,,,,,,,,15,resigned
91.49,,,,,,,,,,,,,,,,,,28,resigned
91.49,,,,,,,,,,,,,,,,,,42,repetition
91.49,,,,,,,,,,,,,,,,,,33,resigned
91.48,,,,,,,,,,,,,,,,,,43,checkmated
91.48,,,,,,,,,,,,,,,,,,70,resigned
91.44,,,,,,,,,,,,,,,,,,45,resigned
91.43,,,,,,,,,,,,,,,,,,54,insufficient
91.42,,,,,,,,,,,,,,,,,,25,timeout
91.42,,,,,,,,,,,,,,,,,,51,timeout
91.39,,,,,,,,,,,,,,,,,,36,timeout
91.38,,,,,,,,,,,,,,,,,,57,resigned
91.38,,,,,,,,,,,,,,,,,,53,checkmated
91.37,,,,,,,,,,,,,,,,,,52,timeout
91.37,,,,,,,,,,,,,,,,,,70,timeout
91.36,,,,,,,,,,,,,,,,,,117,checkmated
91.36,,,,,,,,,,,,,,,,,,38,timeout
91.35,,,,,,,,,,,,,,,,,,35,checkmated
91.32,,,,,,,,,,,,,,,,,,79,repetition
91.32,,,,,,,,,,,,,,,,,,31,timeout
91.31,,,,,,,,,,,,,,,,,,23,resigned
91.31,,,,,,,,,,,,,,,,,,37,resigned
91.3,,,,,,,,,,,,,,,,,,67,checkmated
91.28,,,,,,,,,,,,,,,,,,37,resigned
91.27,,,,,,,,,,,,,,,,,,52,timeout
91.26,,,,,,,,,,,,,,,,,,38,timeout
91.22,,,,,,,,,,,,,,,,,,18,resigned
91.17,,,,,,,,,,,,,,,,,,50,checkmated
91.17,,,,,,,,,,,,,,,,,,20,resigned
91.16,,,,,,,,,,,,,,,,,,72,checkmated
91.15,,,,,,,,,,,,,,,,,,47,resigned
91.13,,,,,,,,,,,,,,,,,,27,resigned
91.09,,,,,,,,,,,,,,,,,,28,resigned
91.08,,,,,,,,,,,,,,,,,,37,resigned
91.07,,,,,,,,,,,,,,,,,,58,repetition
91.07,,,,,,,,,,,,,,,,,,26,resigned
91.07,,,,,,,,,,,,,,,,,,41,resigned
91.07,,,,,,,,,,,,,,,,,,50,resigned
91.05,,,,,,,,,,,,,,,,,,60,timeout
91.01,,,,,,,,,,,,,,,,,,11,resigned
91,,,,,,,,,,,,,,,,,,32,resigned
90.99,,,,,,,,,,,,,,,,,,26,agreed
90.98,,,,,,,,,,,,,,,,,,55,checkmated
90.97,,,,,,,,,,,,,,,,,,45,checkmated
90.96,,,,,,,,,,,,,,,,,,24,resigned
90.92,,,,,,,,,,,,,,,,,,41,resigned
90.9,,,,,,,,,,,,,,,,,,45,checkmated
90.88,,,,,,,,,,,,,,,,,,83,resigned
90.88,,,,,,,,,,,,,,,,,,26,resigned
90.88,,,,,,,,,,,,,,,,,,32,resigned
90.85,,,,,,,,,,,,,,,,,,48,insufficient
90.85,,,,,,,,,,,,,,,,,,60,checkmated
90.84,,,,,,,,,,,,,,,,,,47,resigned
90.83,,,,,,,,,,,,,,,,,,20,resigned
90.82,,,,,,,,,,,,,,,,,,53,timeout
90.81,,,,,,,,,,,,,,,,,,35,resigned
90.78,,,,,,,,,,,,,,,,,,47,resigned
90.78,,,,,,,,,,,,,,,,,,28,resigned
90.78,,,,,,,,,,,,,,,,,,34,resigned
90.77,,,,,,,,,,,,,,,,,,63,checkmated
90.77,,,,,,,,,,,,,,,,,,17,checkmated
90.75,,,,,,,,,,,,,,,,,,33,resigned
90.75,,,,,,,,,,,,,,,,,,45,resigned
90.75,,,,,,,,,,,,,,,,,,71,timeout
90.72,,,,,,,,,,,,,,,,,,18,resigned
90.7,,,,,,,,,,,,,,,,,,40,timeout
90.69,,,,,,,,,,,,,,,,,,37,resigned
90.68,,,,,,,,,,,,,,,,,,29,checkmated
90.68,,,,,,,,,,,,,,,,,,14,resigned
90.67,,,,,,,,,,,,,,,,,,11,resigned
90.67,,,,,,,,,,,,,,,,,,29,resigned
90.67,,,,,,,,,,,,,,,,,,25,resigned
90.66,,,,,,,,,,,,,,,,,,14,resigned
90.65,,,,,,,,,,,,,,,,,,26,resigned
90.64,,,,,,,,,,,,,,,,,,44,resigned
90.64,,,,,,,,,,,,,,,,,,33,resigned
90.63,,,,,,,,,,,,,,,,,,27,resigned
90.62,,,,,,,,,,,,,,,,,,31,resigned
90.61,,,,,,,,,,,,,,,,,,27,resigned
90.6,,,,,,,,,,,,,,,,,,33,timeout
90.6,,,,,,,,,,,,,,,,,,22,timeout
90.55,,,,,,,,,,,,,,,,,,46,timeout
90.55,,,,,,,,,,,,,,,,,,28,agreed
90.54,,,,,,,,,,,,,,,,,,31,resigned
90.54,,,,,,,,,,,,,,,,,,35,resigned
90.53,,,,,,,,,,,,,,,,,,37,resigned
90.52,,,,,,,,,,,,,,,,,,74,timevsinsufficient
90.51,,,,,,,,,,,,,,,,,,36,checkmated
90.5,,,,,,,,,,,,,,,,,,29,resigned
90.5,,,,,,,,,,,,,,,,,,27,resigned
90.5,,,,,,,,,,,,,,,,,,80,checkmated
90.5,,,,,,,,,,,,,,,,,,20,resigned
90.48,,,,,,,,,,,,,,,,,,20,resigned
90.46,,,,,,,,,,,,,,,,,,15,resigned
90.42,,,,,,,,,,,,,,,,,,38,checkmated
90.42,,,,,,,,,,,,,,,,,,72,repetition
90.4,,,,,,,,,,,,,,,,,,40,agreed
90.39,,,,,,,,,,,,,,,,,,56,checkmated
90.36,,,,,,,,,,,,,,,,,,15,resigned
90.35,,,,,,,,,,,,,,,,,,27,resigned
90.34,,,,,,,,,,,,,,,,,,29,timeout
90.33,,,,,,,,,,,,,,,,,,37,repetition
90.32,,,,,,,,,,,,,,,,,,24,resigned
90.32,,,,,,,,,,,,,,,,,,40,resigned
90.31,,,,,,,,,,,,,,,,,,79,repetition
90.3,,,,,,,,,,,,,,,,,,13,resigned
90.29,,,,,,,,,,,,,,,,,,68,timevsinsufficient
90.29,,,,,,,,,,,,,,,,,,14,resigned
90.29,,,,,,,,,,,,,,,,,,47,resigned
90.29,,,,,,,,,,,,,,,,,,22,resigned
90.27,,,,,,,,,,,,,,,,,,52,checkmated
90.26,,,,,,,,,,,,,,,,,,60,resigned
90.22,,,,,,,,,,,,,,,,,,35,resigned
90.2,,,,,,,,,,,,,,,,,,58,checkmated
90.19,,,,,,,,,,,,,,,,,,26,resigned
90.18,,,,,,,,,,,,,,,,,,54,resigned
90.17,,,,,,,,,,,,,,,,,,19,resigned
90.16,,,,,,,,,,,,,,,,,,27,resigned
90.15,,,,,,,,,,,,,,,,,,98,repetition
90.14,,,,,,,,,,,,,,,,,,19,resigned
90.14,,,,,,,,,,,,,,,,,,64,repetition
90.14,,,,,,,,,,,,,,,,,,49,resigned
90.13,,,,,,,,,,,,,,,,,,42,resigned
90.13,,,,,,,,,,,,,,,,,,96,insufficient
90.12,,,,,,,,,,,,,,,,,,42,resigned
90.09,,,,,,,,,,,,,,,,,,55,resigned
90.09,,,,,,,,,,,,,,,,,,50,resigned
90.09,,,,,,,,,,,,,,,,,,54,repetition
90.07,,,,,,,,,,,,,,,,,,46,agreed
90.06,,,,,,,,,,,,,,,,,,36,resigned
90.06,,,,,,,,,,,,,,,,,,20,resigned
90.04,,,,,,,,,,,,,,,,,,29,resigned
90.01,,,,,,,,,,,,,,,,,,53,resigned
90,,,,,,,,,,,,,,,,,,43,checkmated
89.99,,,,,,,,,,,,,,,,,,44,resigned
89.99,,,,,,,,,,,,,,,,,,46,resigned
89.98,,,,,,,,,,,,,,,,,,35,resigned
89.96,,,,,,,,,,,,,,,,,,42,resigned
89.94,,,,,,,,,,,,,,,,,,40,resigned
89.93,,,,,,,,,,,,,,,,,,48,resigned
89.9,,,,,,,,,,,,,,,,,,61,checkmated
89.89,,,,,,,,,,,,,,,,,,26,resigned
89.89,,,,,,,,,,,,,,,,,,48,resigned
89.89,,,,,,,,,,,,,,,,,,43,timeout
89.88,,,,,,,,,,,,,,,,,,17,resigned
89.86,,,,,,,,,,,,,,,,,,26,resigned
89.86,,,,,,,,,,,,,,,,,,62,timeout
89.84,,,,,,,,,,,,,,,,,,46,resigned
89.84,,,,,,,,,,,,,,,,,,44,repetition
89.8,,,,,,,,,,,,,,,,,,25,resigned
89.79,,,,,,,,,,,,,,,,,,64,timeout
89.77,,,,,,,,,,,,,,,,,,21,resigned
89.75,,,,,,,,,,,,,,,,,,15,resigned
89.75,,,,,,,,,,,,,,,,,,38,resigned
89.69,,,,,,,,,,,,,,,,,,16,resigned
89.68,,,,,,,,,,,,,,,,,,56,insufficient
89.66,,,,,,,,,,,,,,,,,,35,timeout
89.65,,,,,,,,,,,,,,,,,,36,resigned
89.63,,,,,,,,,,,,,,,,,,38,timeout
89.62,,,,,,,,,,,,,,,,,,28,resigned
89.62,,,,,,,,,,,,,,,,,,18,resigned
89.61,,,,,,,,,,,,,,,,,,18,agreed
89.6,,,,,,,,,,,,,,,,,,24,checkmated
89.6,,,,,,,,,,,,,,,,,,26,resigned
89.59,,,,,,,,,,,,,,,,,,77,checkmated
89.58,,,,,,,,,,,,,,,,,,35,checkmated
89.56,,,,,,,,,,,,,,,,,,48,checkmated
89.55,,,,,,,,,,,,,,,,,,77,stalemate
89.54,,,,,,,,,,,,,,,,,,29,checkmated
89.53,,,,,,,,,,,,,,,,,,24,resigned
89.53,,,,,,,,,,,,,,,,,,85,timeout
89.52,,,,,,,,,,,,,,,,,,52,resigned
89.52,,,,,,,,,,,,,,,,,,50,timeout
89.52,,,,,,,,,,,,,,,,,,144,checkmated
89.49,,,,,,,,,,,,,,,,,,35,timeout
89.49,,,,,,,,,,,,,,,,,,42,checkmated
89.47,,,,,,,,,,,,,,,,,,81,checkmated
89.44,,,,,,,,,,,,,,,,,,77,timeout
89.4,,,,,,,,,,,,,,,,,,35,resigned
89.4,,,,,,,,,,,,,,,,,,36,checkmated
89.37,,,,,,,,,,,,,,,,,,87,resigned
89.37,,,,,,,,,,,,,,,,,,13,resigned
89.36,,,,,,,,,,,,,,,,,,22,resigned
89.33,,,,,,,,,,,,,,,,,,46,resigned
89.32,,,,,,,,,,,,,,,,,,69,checkmated
89.31,,,,,,,,,,,,,,,,,,55,resigned
89.29,,,,,,,,,,,,,,,,,,50,resigned
89.27,,,,,,,,,,,,,,,,,,84,checkmated
89.27,,,,,,,,,,,,,,,,,,25,resigned
89.26,,,,,,,,,,,,,,,,,,38,checkmated
89.25,,,,,,,,,,,,,,,,,,58,timeout
89.23,,,,,,,,,,,,,,,,,,21,resigned
89.22,,,,,,,,,,,,,,,,,,49,checkmated
89.21,,,,,,,,,,,,,,,,,,23,repetition
89.2,,,,,,,,,,,,,,,,,,36,resigned
89.2,,,,,,,,,,,,,,,,,,10,resigned
89.19,,,,,,,,,,,,,,,,,,41,checkmated
89.18,,,,,,,,,,,,,,,,,,41,resigned
89.15,,,,,,,,,,,,,,,,,,26,resigned
89.13,,,,,,,,,,,,,,,,,,36,repetition
89.1,,,,,,,,,,,,,,,,,,39,resigned
89.1,,,,,,,,,,,,,,,,,,31,resigned
89.09,,,,,,,,,,,,,,,,,,64,checkmated
89.09,,,,,,,,,,,,,,,,,,19,resigned
89.08,,,,,,,,,,,,,,,,,,42,resigned
89.08,,,,,,,,,,,,,,,,,,48,resigned
89.07,,,,,,,,,,,,,,,,,,24,resigned
89.06,,,,,,,,,,,,,,,,,,27,resigned
89.06,,,,,,,,,,,,,,,,,,49,resigned
89.04,,,,,,,,,,,,,,,,,,17,resigned
88.97,,,,,,,,,,,,,,,,,,54,resigned
88.97,,,,,,,,,,,,,,,,,,29,resigned
88.96,,,,,,,,,,,,,,,,,,22,resigned
88.95,,,,,,,,,,,,,,,,,,32,resigned
88.94,,,,,,,,,,,,,,,,,,36,resigned
88.93,,,,,,,,,,,,,,,,,,30,resigned
88.91,,,,,,,,,,,,,,,,,,37,resigned
88.91,,,,,,,,,,,,,,,,,,35,resigned
88.89,,,,,,,,,,,,,,,,,,30,resigned
88.89,,,,,,,,,,,,,,,,,,77,checkmated
88.88,,,,,,,,,,,,,,,,,,28,resigned
88.88,,,,,,,,,,,,,,,,,,18,resigned
88.87,,,,,,,,,,,,,,,,,,72,checkmated
88.87,,,,,,,,,,,,,,,,,,31,resigned
88.85,,,,,,,,,,,,,,,,,,62,timeout
88.84,,,,,,,,,,,,,,,,,,20,resigned
88.84,,,,,,,,,,,,,,,,,,46,timeout
88.83,,,,,,,,,,,,,,,,,,106,checkmated
88.81,,,,,,,,,,,,,,,,,,64,resigned
88.81,,,,,,,,,,,,,,,,,,22,resigned
88.78,,,,,,,,,,,,,,,,,,44,resigned
88.77,,,,,,,,,,,,,,,,,,33,timeout
88.76,,,,,,,,,,,,,,,,,,29,resigned
88.76,,,,,,,,,,,,,,,,,,45,resigned
88.73,,,,,,,,,,,,,,,,,,31,resigned
88.72,,,,,,,,,,,,,,,,,,65,checkmated
88.72,,,,,,,,,,,,,,,,,,64,stalemate
88.7,,,,,,,,,,,,,,,,,,31,resigned
88.7,,,,,,,,,,,,,,,,,,59,timeout
88.68,,,,,,,,,,,,,,,,,,31,resigned
88.68,,,,,,,,,,,,,,,,,,59,checkmated
88.68,,,,,,,,,,,,,,,,,,25,resigned
88.68,,,,,,,,,,,,,,,,,,59,resigned
88.66,,,,,,,,,,,,,,,,,,43,resigned
88.65,,,,,,,,,,,,,,,,,,37,resigned
88.65,,,,,,,,,,,,,,,,,,42,resigned
88.64,,,,,,,,,,,,,,,,,,20,resigned
88.64,,,,,,,,,,,,,,,,,,72,checkmated
88.61,,,,,,,,,,,,,,,,,,28,resigned
88.59,,,,,,,,,,,,,,,,,,31,resigned
88.58,,,,,,,,,,,,,,,,,,82,insufficient
88.58,,,,,,,,,,,,,,,,,,18,checkmated
88.56,,,,,,,,,,,,,,,,,,24,abandoned
88.55,,,,,,,,,,,,,,,,,,69,timeout
88.54,,,,,,,,,,,,,,,,,,50,abandoned
88.53,,,,,,,,,,,,,,,,,,36,resigned
88.45,,,,,,,,,,,,,,,,,,71,checkmated
88.45,,,,,,,,,,,,,,,,,,49,resigned
88.45,,,,,,,,,,,,,,,,,,55,timeout
88.44,,,,,,,,,,,,,,,,,,45,timeout
88.44,,,,,,,,,,,,,,,,,,37,timeout
88.44,,,,,,,,,,,,,,,,,,83,checkmated
88.42,,,,,,,,,,,,,,,,,,51,insufficient
88.41,,,,,,,,,,,,,,,,,,55,insufficient
88.4,,,,,,,,,,,,,,,,,,24,resigned
88.39,,,,,,,,,,,,,,,,,,30,resigned
88.39,,,,,,,,,,,,,,,,,,51,resigned
88.37,,,,,,,,,,,,,,,,,,49,timeout
88.36,,,,,,,,,,,,,,,,,,89,resigned
88.33,,,,,,,,,,,,,,,,,,43,resigned
88.33,,,,,,,,,,,,,,,,,,55,checkmated
88.32,,,,,,,,,,,,,,,,,,41,resigned
88.31,,,,,,,,,,,,,,,,,,50,checkmated
88.31,,,,,,,,,,,,,,,,,,106,timeout
88.3,,,,,,,,,,,,,,,,,,28,resigned
88.3,,,,,,,,,,,,,,,,,,64,resigned
88.3,,,,,,,,,,,,,,,,,,35,resigned
88.29,,,,,,,,,,,,,,,,,,54,resigned
88.29,,,,,,,,,,,,,,,,,,32,checkmated
88.27,,,,,,,,,,,,,,,,,,31,resigned
88.27,,,,,,,,,,,,,,,,,,24,resigned
88.26,,,,,,,,,,,,,,,,,,74,insufficient
88.26,,,,,,,,,,,,,,,,,,43,resigned
88.23,,,,,,,,,,,,,,,,,,70,checkmated
88.22,,,,,,,,,,,,,,,,,,49,resigned
88.21,,,,,,,,,,,,,,,,,,27,resigned
88.19,,,,,,,,,,,,,,,,,,29,resigned
88.19,,,,,,,,,,,,,,,,,,62,timeout
88.16,,,,,,,,,,,,,,,,,,17,resigned
88.16,,,,,,,,,,,,,,,,,,40,repetition
88.12,,,,,,,,,,,,,,,,,,33,resigned
88.11,,,,,,,,,,,,,,,,,,54,checkmated
88.1,,,,,,,,,,,,,,,,,,57,checkmated
88.09,,,,,,,,,,,,,,,,,,55,timeout
88.07,,,,,,,,,,,,,,,,,,61,resigned
88.06,,,,,,,,,,,,,,,,,,17,checkmated
88.06,,,,,,,,,,,,,,,,,,52,timeout
88.05,,,,,,,,,,,,,,,,,,25,resigned
88.04,,,,,,,,,,,,,,,,,,58,checkmated
88.03,,,,,,,,,,,,,,,,,,25,resigned
88.03,,,,,,,,,,,,,,,,,,69,repetition
88.01,,,,,,,,,,,,,,,,,,41,resigned
87.99,,,,,,,,,,,,,,,,,,34,checkmated
87.98,,,,,,,,,,,,,,,,,,41,stalemate
87.98,,,,,,,,,,,,,,,,,,56,timeout
87.98,,,,,,,,,,,,,,,,,,39,resigned
87.96,,,,,,,,,,,,,,,,,,57,resigned
87.96,,,,,,,,,,,,,,,,,,26,resigned
87.93,,,,,,,,,,,,,,,,,,25,resigned
87.93,,,,,,,,,,,,,,,,,,44,checkmated
87.92,,,,,,,,,,,,,,,,,,70,resigned
87.91,,,,,,,,,,,,,,,,,,43,timeout
87.88,,,,,,,,,,,,,,,,,,29,resigned
87.88,,,,,,,,,,,,,,,,,,45,resigned
87.85,,,,,,,,,,,,,,,,,,65,timeout
87.84,,,,,,,,,,,,,,,,,,43,timeout
87.84,,,,,,,,,,,,,,,,,,21,resigned
87.83,,,,,,,,,,,,,,,,,,33,checkmated
87.83,,,,,,,,,,,,,,,,,,37,resigned
87.81,,,,,,,,,,,,,,,,,,34,agreed
87.81,,,,,,,,,,,,,,,,,,81,insufficient
87.81,,,,,,,,,,,,,,,,,,63,timeout
87.79,,,,,,,,,,,,,,,,,,62,timeout
87.79,,,,,,,,,,,,,,,,,,55,checkmated
87.77,,,,,,,,,,,,,,,,,,47,timeout
87.77,,,,,,,,,,,,,,,,,,63,timeout
87.77,,,,,,,,,,,,,,,,,,31,resigned
87.75,,,,,,,,,,,,,,,,,,109,timeout
87.74,,,,,,,,,,,,,,,,,,53,resigned
87.73,,,,,,,,,,,,,,,,,,29,agreed
87.73,,,,,,,,,,,,,,,,,,44,resigned
87.72,,,,,,,,,,,,,,,,,,50,timeout
87.71,,,,,,,,,,,,,,,,,,20,resigned
87.69,,,,,,,,,,,,,,,,,,90,repetition
87.67,,,,,,,,,,,,,,,,,,55,insufficient
87.66,,,,,,,,,,,,,,,,,,25,agreed
87.66,,,,,,,,,,,,,,,,,,24,timeout
87.65,,,,,,,,,,,,,,,,,,52,resigned
87.63,,,,,,,,,,,,,,,,,,68,resigned
87.61,,,,,,,,,,,,,,,,,,32,resigned
87.59,,,,,,,,,,,,,,,,,,80,timeout
87.59,,,,,,,,,,,,,,,,,,35,timeout
87.59,,,,,,,,,,,,,,,,,,139,checkmated
87.59,,,,,,,,,,,,,,,,,,33,resigned
87.58,,,,,,,,,,,,,,,,,,19,resigned
87.57,,,,,,,,,,,,,,,,,,21,resigned
87.56,,,,,,,,,,,,,,,,,,25,resigned
87.53,,,,,,,,,,,,,,,,,,41,checkmated
87.49,,,,,,,,,,,,,,,,,,58,checkmated
87.48,,,,,,,,,,,,,,,,,,49,resigned
87.47,,,,,,,,,,,,,,,,,,25,resigned
87.46,,,,,,,,,,,,,,,,,,73,timeout
87.46,,,,,,,,,,,,,,,,,,29,resigned
87.45,,,,,,,,,,,,,,,,,,46,resigned
87.44,,,,,,,,,,,,,,,,,,73,resigned
87.43,,,,,,,,,,,,,,,,,,41,timeout
87.43,,,,,,,,,,,,,,,,,,24,agreed
87.42,,,,,,,,,,,,,,,,,,30,resigned
87.42,,,,,,,,,,,,,,,,,,31,checkmated
87.42,,,,,,,,,,,,,,,,,,37,timeout
87.39,,,,,,,,,,,,,,,,,,83,timeout
87.39,,,,,,,,,,,,,,,,,,42,agreed
87.39,,,,,,,,,,,,,,,,,,29,resigned
87.36,,,,,,,,,,,,,,,,,,32,resigned
87.34,,,,,,,,,,,,,,,,,,25,resigned
87.33,,,,,,,,,,,,,,,,,,73,timeout
87.28,,,,,,,,,,,,,,,,,,18,resigned
87.28,,,,,,,,,,,,,,,,,,74,timeout
87.25,,,,,,,,,,,,,,,,,,67,checkmated
87.24,,,,,,,,,,,,,,,,,,41,resigned
87.24,,,,,,,,,,,,,,,,,,32,resigned
87.24,,,,,,,,,,,,,,,,,,30,timeout
87.2,,,,,,,,,,,,,,,,,,14,resigned
87.19,,,,,,,,,,,,,,,,,,26,resigned
87.19,,,,,,,,,,,,,,,,,,16,abandoned
87.19,,,,,,,,,,,,,,,,,,25,resigned
87.18,,,,,,,,,,,,,,,,,,23,resigned
87.18,,,,,,,,,,,,,,,,,,28,resigned
87.16,,,,,,,,,,,,,,,,,,63,timeout
87.16,,,,,,,,,,,,,,,,,,28,resigned
87.12,,,,,,,,,,,,,,,,,,61,timeout
87.12,,,,,,,,,,,,,,,,,,27,timeout
87.12,,,,,,,,,,,,,,,,,,29,resigned
87.12,,,,,,,,,,,,,,,,,,62,repetition
87.1,,,,,,,,,,,,,,,,,,48,resigned
87.1,,,,,,,,,,,,,,,,,,42,resigned
87.09,,,,,,,,,,,,,,,,,,29,checkmated
87.09,,,,,,,,,,,,,,,,,,58,timevsinsufficient
87.08,,,,,,,,,,,,,,,,,,41,resigned
87.07,,,,,,,,,,,,,,,,,,53,checkmated
87.05,,,,,,,,,,,,,,,,,,80,timeout
87.05,,,,,,,,,,,,,,,,,,30,resigned
87.05,,,,,,,,,,,,,,,,,,48,resigned
87.02,,,,,,,,,,,,,,,,,,40,resigned
87.02,,,,,,,,,,,,,,,,,,50,timeout
87.01,,,,,,,,,,,,,,,,,,50,checkmated
86.98,,,,,,,,,,,,,,,,,,29,resigned
86.97,,,,,,,,,,,,,,,,,,56,insufficient
86.97,,,,,,,,,,,,,,,,,,56,checkmated
86.89,,,,,,,,,,,,,,,,,,43,resigned
86.88,,,,,,,,,,,,,,,,,,37,checkmated
86.88,,,,,,,,,,,,,,,,,,46,checkmated
86.87,,,,,,,,,,,,,,,,,,27,resigned
86.87,,,,,,,,,,,,,,,,,,21,resigned
86.87,,,,,,,,,,,,,,,,,,53,repetition
86.86,,,,,,,,,,,,,,,,,,33,resigned
86.85,,,,,,,,,,,,,,,,,,19,resigned
86.84,,,,,,,,,,,,,,,,,,13,resigned
86.84,,,,,,,,,,,,,,,,,,33,checkmated
86.83,,,,,,,,,,,,,,,,,,46,resigned
86.83,,,,,,,,,,,,,,,,,,51,repetition
86.81,,,,,,,,,,,,,,,,,,54,timeout
86.81,,,,,,,,,,,,,,,,,,56,stalemate
86.81,,,,,,,,,,,,,,,,,,48,resigned
86.8,,,,,,,,,,,,,,,,,,54,checkmated
86.78,,,,,,,,,,,,,,,,,,27,resigned
86.78,,,,,,,,,,,,,,,,,,43,resigned
86.77,,,,,,,,,,,,,,,,,,60,insufficient
86.74,,,,,,,,,,,,,,,,,,61,checkmated
86.74,,,,,,,,,,,,,,,,,,54,resigned
86.72,,,,,,,,,,,,,,,,,,25,resigned
86.71,,,,,,,,,,,,,,,,,,33,resigned
86.7,,,,,,,,,,,,,,,,,,38,resigned
86.68,,,,,,,,,,,,,,,,,,96,checkmated
86.68,,,,,,,,,,,,,,,,,,56,timeout
86.67,,,,,,,,,,,,,,,,,,42,repetition
86.67,,,,,,,,,,,,,,,,,,26,resigned
86.66,,,,,,,,,,,,,,,,,,38,timeout
86.65,,,,,,,,,,,,,,,,,,47,resigned
86.64,,,,,,,,,,,,,,,,,,62,resigned
86.64,,,,,,,,,,,,,,,,,,34,checkmated
86.64,,,,,,,,,,,,,,,,,,40,resigned
86.64,,,,,,,,,,,,,,,,,,35,resigned
86.63,,,,,,,,,,,,,,,,,,35,resigned
86.62,,,,,,,,,,,,,,,,,,62,checkmated
86.61,,,,,,,,,,,,,,,,,,62,checkmated
86.6,,,,,,,,,,,,,,,,,,33,resigned
86.57,,,,,,,,,,,,,,,,,,32,resigned
86.55,,,,,,,,,,,,,,,,,,23,resigned
86.54,,,,,,,,,,,,,,,,,,68,repetition
86.54,,,,,,,,,,,,,,,,,,56,checkmated
86.53,,,,,,,,,,,,,,,,,,25,resigned
86.53,,,,,,,,,,,,,,,,,,53,checkmated
86.52,,,,,,,,,,,,,,,,,,64,timeout
86.51,,,,,,,,,,,,,,,,,,54,resigned
86.49,,,,,,,,,,,,,,,,,,18,resigned
86.47,,,,,,,,,,,,,,,,,,49,stalemate
86.46,,,,,,,,,,,,,,,,,,14,resigned
86.46,,,,,,,,,,,,,,,,,,56,resigned
86.46,,,,,,,,,,,,,,,,,,49,timeout
86.42,,,,,,,,,,,,,,,,,,24,resigned
86.42,,,,,,,,,,,,,,,,,,45,resigned
86.39,,,,,,,,,,,,,,,,,,53,timeout
86.38,,,,,,,,,,,,,,,,,,44,resigned
86.38,,,,,,,,,,,,,,,,,,23,resigned
86.35,,,,,,,,,,,,,,,,,,65,timeout
86.35,,,,,,,,,,,,,,,,,,40,timeout
86.33,,,,,,,,,,,,,,,,,,95,stalemate
86.33,,,,,,,,,,,,,,,,,,24,resigned
86.31,,,,,,,,,,,,,,,,,,47,resigned
86.3,,,,,,,,,,,,,,,,,,27,agreed
86.29,,,,,,,,,,,,,,,,,,15,resigned
86.29,,,,,,,,,,,,,,,,,,51,timeout
86.28,,,,,,,,,,,,,,,,,,51,insufficient
86.27,,,,,,,,,,,,,,,,,,25,abandoned
86.23,,,,,,,,,,,,,,,,,,75,checkmated
86.2,,,,,,,,,,,,,,,,,,57,checkmated
86.2,,,,,,,,,,,,,,,,,,25,resigned
86.2,,,,,,,,,,,,,,,,,,32,resigned
86.18,,,,,,,,,,,,,,,,,,25,resigned
86.18,,,,,,,,,,,,,,,,,,23,resigned
86.17,,,,,,,,,,,,,,,,,,52,timeout
86.16,,,,,,,,,,,,,,,,,,41,resigned
86.15,,,,,,,,,,,,,,,,,,35,resigned
86.12,,,,,,,,,,,,,,,,,,46,resigned
86.12,,,,,,,,,,,,,,,,,,24,resigned
86.1,,,,,,,,,,,,,,,,,,43,checkmated
86.09,,,,,,,,,,,,,,,,,,16,resigned
86.06,,,,,,,,,,,,,,,,,,40,timeout
86.05,,,,,,,,,,,,,,,,,,41,repetition
86.05,,,,,,,,,,,,,,,,,,35,resigned
86.03,,,,,,,,,,,,,,,,,,33,checkmated
86.02,,,,,,,,,,,,,,,,,,30,timeout
86.02,,,,,,,,,,,,,,,,,,31,resigned
86,,,,,,,,,,,,,,,,,,24,resigned
86,,,,,,,,,,,,,,,,,,25,resigned
85.97,,,,,,,,,,,,,,,,,,76,repetition
85.96,,,,,,,,,,,,,,,,,,60,resigned
85.96,,,,,,,,,,,,,,,,,,31,resigned
85.91,,,,,,,,,,,,,,,,,,17,resigned
85.86,,,,,,,,,,,,,,,,,,22,resigned
85.85,,,,,,,,,,,,,,,,,,68,resigned
85.84,,,,,,,,,,,,,,,,,,47,resigned
85.84,,,,,,,,,,,,,,,,,,31,resigned
85.82,,,,,,,,,,,,,,,,,,37,resigned
85.81,,,,,,,,,,,,,,,,,,74,checkmated
85.81,,,,,,,,,,,,,,,,,,61,checkmated
85.78,,,,,,,,,,,,,,,,,,54,resigned
85.76,,,,,,,,,,,,,,,,,,50,checkmated
85.76,,,,,,,,,,,,,,,,,,40,repetition
85.74,,,,,,,,,,,,,,,,,,35,resigned
85.74,,,,,,,,,,,,,,,,,,22,resigned
85.74,,,,,,,,,,,,,,,,,,54,timeout
85.74,,,,,,,,,,,,,,,,,,33,resigned
85.73,,,,,,,,,,,,,,,,,,30,repetition
85.72,,,,,,,,,,,,,,,,,,38,timeout
85.72,,,,,,,,,,,,,,,,,,76,checkmated
85.7,,,,,,,,,,,,,,,,,,25,resigned
85.7,,,,,,,,,,,,,,,,,,43,resigned
85.69,,,,,,,,,,,,,,,,,,28,resigned
85.69,,,,,,,,,,,,,,,,,,48,timeout
85.68,,,,,,,,,,,,,,,,,,36,agreed
85.67,,,,,,,,,,,,,,,,,,39,timeout
85.63,,,,,,,,,,,,,,,,,,38,resigned
85.63,,,,,,,,,,,,,,,,,,72,checkmated
85.63,,,,,,,,,,,,,,,,,,51,resigned
85.62,,,,,,,,,,,,,,,,,,39,resigned
85.61,,,,,,,,,,,,,,,,,,61,timeout
85.6,,,,,,,,,,,,,,,,,,46,checkmated
85.58,,,,,,,,,,,,,,,,,,187,timeout
85.57,,,,,,,,,,,,,,,,,,38,repetition
85.53,,,,,,,,,,,,,,,,,,47,resigned
85.52,,,,,,,,,,,,,,,,,,55,resigned
85.5,,,,,,,,,,,,,,,,,,81,resigned
85.48,,,,,,,,,,,,,,,,,,26,resigned
85.48,,,,,,,,,,,,,,,,,,33,resigned
85.47,,,,,,,,,,,,,,,,,,70,timevsinsufficient
85.45,,,,,,,,,,,,,,,,,,67,timeout
85.44,,,,,,,,,,,,,,,,,,27,resigned
85.44,,,,,,,,,,,,,,,,,,70,checkmated
85.44,,,,,,,,,,,,,,,,,,70,repetition
85.39,,,,,,,,,,,,,,,,,,16,resigned
85.39,,,,,,,,,,,,,,,,,,50,checkmated
85.39,,,,,,,,,,,,,,,,,,28,repetition
85.39,,,,,,,,,,,,,,,,,,57,timeout
85.38,,,,,,,,,,,,,,,,,,55,insufficient
85.38,,,,,,,,,,,,,,,,,,76,checkmated
85.38,,,,,,,,,,,,,,,,,,58,resigned
85.35,,,,,,,,,,,,,,,,,,65,timeout
85.34,,,,,,,,,,,,,,,,,,32,checkmated
85.33,,,,,,,,,,,,,,,,,,66,resigned
85.32,,,,,,,,,,,,,,,,,,22,resigned
85.32,,,,,,,,,,,,,,,,,,73,timeout
85.31,,,,,,,,,,,,,,,,,,26,repetition
85.3,,,,,,,,,,,,,,,,,,73,insufficient
85.3,,,,,,,,,,,,,,,,,,61,timeout
85.29,,,,,,,,,,,,,,,,,,35,resigned
85.29,,,,,,,,,,,,,,,,,,60,insufficient
85.29,,,,,,,,,,,,,,,,,,27,resigned
85.28,,,,,,,,,,,,,,,,,,62,checkmated
85.28,,,,,,,,,,,,,,,,,,64,timeout
85.27,,,,,,,,,,,,,,,,,,48,resigned
85.27,,,,,,,,,,,,,,,,,,26,timeout
85.26,,,,,,,,,,,,,,,,,,36,timeout
85.25,,,,,,,,,,,,,,,,,,87,timeout
85.24,,,,,,,,,,,,,,,,,,64,checkmated
85.24,,,,,,,,,,,,,,,,,,63,resigned
85.23,,,,,,,,,,,,,,,,,,60,checkmated
85.2,,,,,,,,,,,,,,,,,,21,resigned
85.19,,,,,,,,,,,,,,,,,,23,checkmated
85.18,,,,,,,,,,,,,,,,,,17,resigned
85.16,,,,,,,,,,,,,,,,,,47,resigned
85.14,,,,,,,,,,,,,,,,,,70,timeout
85.12,,,,,,,,,,,,,,,,,,34,resigned
85.11,,,,,,,,,,,,,,,,,,45,resigned
85.09,,,,,,,,,,,,,,,,,,75,timevsinsufficient
85.07,,,,,,,,,,,,,,,,,,61,checkmated
85.07,,,,,,,,,,,,,,,,,,15,resigned
85.06,,,,,,,,,,,,,,,,,,82,insufficient
85.03,,,,,,,,,,,,,,,,,,53,timeout
85.03,,,,,,,,,,,,,,,,,,71,resigned
85.03,,,,,,,,,,,,,,,,,,21,resigned
85.01,,,,,,,,,,,,,,,,,,38,repetition
85,,,,,,,,,,,,,,,,,,30,timeout
84.99,,,,,,,,,,,,,,,,,,24,resigned
84.99,,,,,,,,,,,,,,,,,,52,resigned
84.99,,,,,,,,,,,,,,,,,,57,insufficient
84.99,,,,,,,,,,,,,,,,,,38,resigned
84.98,,,,,,,,,,,,,,,,,,43,resigned
84.97,,,,,,,,,,,,,,,,,,52,resigned
84.96,,,,,,,,,,,,,,,,,,39,resigned
84.92,,,,,,,,,,,,,,,,,,41,repetition
84.92,,,,,,,,,,,,,,,,,,61,timeout
84.91,,,,,,,,,,,,,,,,,,21,resigned
84.9,,,,,,,,,,,,,,,,,,52,resigned
84.86,,,,,,,,,,,,,,,,,,71,resigned
84.85,,,,,,,,,,,,,,,,,,24,resigned
84.82,,,,,,,,,,,,,,,,,,17,resigned
84.8,,,,,,,,,,,,,,,,,,47,timeout
84.79,,,,,,,,,,,,,,,,,,39,resigned
84.79,,,,,,,,,,,,,,,,,,15,resigned
84.79,,,,,,,,,,,,,,,,,,49,checkmated
84.79,,,,,,,,,,,,,,,,,,28,resigned
84.74,,,,,,,,,,,,,,,,,,65,resigned
84.73,,,,,,,,,,,,,,,,,,33,resigned
84.72,,,,,,,,,,,,,,,,,,35,resigned
84.71,,,,,,,,,,,,,,,,,,31,resigned
84.71,,,,,,,,,,,,,,,,,,71,timevsinsufficient
84.7,,,,,,,,,,,,,,,,,,64,stalemate
84.69,,,,,,,,,,,,,,,,,,48,resigned
84.68,,,,,,,,,,,,,,,,,,40,timeout
84.64,,,,,,,,,,,,,,,,,,36,resigned
84.63,,,,,,,,,,,,,,,,,,20,resigned
84.6,,,,,,,,,,,,,,,,,,29,checkmated
84.58,,,,,,,,,,,,,,,,,,74,checkmated
84.57,,,,,,,,,,,,,,,,,,74,timeout
84.56,,,,,,,,,,,,,,,,,,105,checkmated
84.55,,,,,,,,,,,,,,,,,,42,repetition
84.55,,,,,,,,,,,,,,,,,,24,checkmated
84.54,,,,,,,,,,,,,,,,,,47,resigned
84.54,,,,,,,,,,,,,,,,,,102,resigned
84.52,,,,,,,,,,,,,,,,,,14,resigned
84.51,,,,,,,,,,,,,,,,,,19,resigned
84.51,,,,,,,,,,,,,,,,,,45,timeout
84.5,,,,,,,,,,,,,,,,,,42,timeout
84.48,,,,,,,,,,,,,,,,,,47,timeout
84.48,,,,,,,,,,,,,,,,,,58,checkmated
84.47,,,,,,,,,,,,,,,,,,25,timeout
84.46,,,,,,,,,,,,,,,,,,40,resigned
84.46,,,,,,,,,,,,,,,,,,41,timeout
84.45,,,,,,,,,,,,,,,,,,50,resigned
84.43,,,,,,,,,,,,,,,,,,50,timeout
84.43,,,,,,,,,,,,,,,,,,15,resigned
84.42,,,,,,,,,,,,,,,,,,69,timeout
84.42,,,,,,,,,,,,,,,,,,41,resigned
84.41,,,,,,,,,,,,,,,,,,55,timeout
84.41,,,,,,,,,,,,,,,,,,27,resigned
84.4,,,,,,,,,,,,,,,,,,62,timeout
84.4,,,,,,,,,,,,,,,,,,28,resigned
84.4,,,,,,,,,,,,,,,,,,33,resigned
84.39,,,,,,,,,,,,,,,,,,23,resigned
84.38,,,,,,,,,,,,,,,,,,60,timeout
84.37,,,,,,,,,,,,,,,,,,39,resigned
84.34,,,,,,,,,,,,,,,,,,26,resigned
84.33,,,,,,,,,,,,,,,,,,35,timeout
84.32,,,,,,,,,,,,,,,,,,28,resigned
84.32,,,,,,,,,,,,,,,,,,89,insufficient
84.32,,,,,,,,,,,,,,,,,,41,resigned
84.31,,,,,,,,,,,,,,,,,,16,resigned
84.29,,,,,,,,,,,,,,,,,,26,resigned
84.29,,,,,,,,,,,,,,,,,,48,timeout
84.29,,,,,,,,,,,,,,,,,,22,agreed
84.29,,,,,,,,,,,,,,,,,,34,timeout
84.27,,,,,,,,,,,,,,,,,,39,checkmated
84.27,,,,,,,,,,,,,,,,,,26,resigned
84.26,,,,,,,,,,,,,,,,,,47,timeout
84.23,,,,,,,,,,,,,,,,,,65,checkmated
84.22,,,,,,,,,,,,,,,,,,24,timeout
84.21,,,,,,,,,,,,,,,,,,25,resigned
84.2,,,,,,,,,,,,,,,,,,26,checkmated
84.2,,,,,,,,,,,,,,,,,,27,resigned
84.2,,,,,,,,,,,,,,,,,,23,resigned
84.19,,,,,,,,,,,,,,,,,,50,resigned
84.18,,,,,,,,,,,,,,,,,,39,resigned
84.18,,,,,,,,,,,,,,,,,,61,timeout
84.18,,,,,,,,,,,,,,,,,,31,resigned
84.16,,,,,,,,,,,,,,,,,,31,resigned
84.16,,,,,,,,,,,,,,,,,,18,resigned
84.15,,,,,,,,,,,,,,,,,,68,timeout
84.14,,,,,,,,,,,,,,,,,,84,repetition
84.14,,,,,,,,,,,,,,,,,,35,resigned
84.14,,,,,,,,,,,,,,,,,,56,resigned
84.14,,,,,,,,,,,,,,,,,,16,resigned
84.14,,,,,,,,,,,,,,,,,,48,timeout
84.12,,,,,,,,,,,,,,,,,,64,checkmated
84.12,,,,,,,,,,,,,,,,,,31,resigned
84.11,,,,,,,,,,,,,,,,,,46,checkmated
84.08,,,,,,,,,,,,,,,,,,76,checkmated
84.07,,,,,,,,,,,,,,,,,,48,resigned
84.06,,,,,,,,,,,,,,,,,,26,resigned
84.05,,,,,,,,,,,,,,,,,,52,resigned
84.03,,,,,,,,,,,,,,,,,,25,resigned
84.03,,,,,,,,,,,,,,,,,,56,resigned
84.01,,,,,,,,,,,,,,,,,,43,timeout
84.01,,,,,,,,,,,,,,,,,,72,timeout
83.96,,,,,,,,,,,,,,,,,,18,resigned
83.95,,,,,,,,,,,,,,,,,,54,repetition
83.94,,,,,,,,,,,,,,,,,,20,resigned
83.93,,,,,,,,,,,,,,,,,,66,checkmated
83.92,,,,,,,,,,,,,,,,,,70,resigned
83.92,,,,,,,,,,,,,,,,,,26,resigned
83.9,,,,,,,,,,,,,,,,,,13,resigned
83.88,,,,,,,,,,,,,,,,,,26,resigned
83.85,,,,,,,,,,,,,,,,,,35,timeout
83.85,,,,,,,,,,,,,,,,,,28,timeout
83.85,,,,,,,,,,,,,,,,,,66,timeout
83.84,,,,,,,,,,,,,,,,,,39,resigned
83.84,,,,,,,,,,,,,,,,,,25,timeout
83.83,,,,,,,,,,,,,,,,,,25,resigned
83.83,,,,,,,,,,,,,,,,,,26,timeout
83.82,,,,,,,,,,,,,,,,,,24,resigned
83.82,,,,,,,,,,,,,,,,,,74,checkmated
83.81,,,,,,,,,,,,,,,,,,23,resigned
83.8,,,,,,,,,,,,,,,,,,34,resigned
83.8,,,,,,,,,,,,,,,,,,51,resigned
83.78,,,,,,,,,,,,,,,,,,64,repetition
83.78,,,,,,,,,,,,,,,,,,56,resigned
83.77,,,,,,,,,,,,,,,,,,46,resigned
83.77,,,,,,,,,,,,,,,,,,73,checkmated
83.75,,,,,,,,,,,,,,,,,,31,resigned
83.75,,,,,,,,,,,,,,,,,,200,resigned
83.73,,,,,,,,,,,,,,,,,,49,resigned
83.73,,,,,,,,,,,,,,,,,,35,checkmated
83.71,,,,,,,,,,,,,,,,,,14,resigned
83.7,,,,,,,,,,,,,,,,,,22,resigned
83.7,,,,,,,,,,,,,,,,,,72,timeout
83.69,,,,,,,,,,,,,,,,,,58,checkmated
83.68,,,,,,,,,,,,,,,,,,71,timeout
83.67,,,,,,,,,,,,,,,,,,39,resigned
83.66,,,,,,,,,,,,,,,,,,69,resigned
83.65,,,,,,,,,,,,,,,,,,52,resigned
83.62,,,,,,,,,,,,,,,,,,41,timeout
83.59,,,,,,,,,,,,,,,,,,34,checkmated
83.58,,,,,,,,,,,,,,,,,,75,insufficient
83.57,,,,,,,,,,,,,,,,,,39,timeout
83.57,,,,,,,,,,,,,,,,,,39,resigned
83.56,,,,,,,,,,,,,,,,,,38,abandoned
83.56,,,,,,,,,,,,,,,,,,35,resigned
83.55,,,,,,,,,,,,,,,,,,51,checkmated
83.55,,,,,,,,,,,,,,,,,,78,checkmated
83.55,,,,,,,,,,,,,,,,,,42,checkmated
83.54,,,,,,,,,,,,,,,,,,46,resigned
83.54,,,,,,,,,,,,,,,,,,82,timevsinsufficient
83.53,,,,,,,,,,,,,,,,,,41,timeout
83.53,,,,,,,,,,,,,,,,,,41,repetition
83.52,,,,,,,,,,,,,,,,,,22,resigned
83.52,,,,,,,,,,,,,,,,,,36,resigned
83.51,,,,,,,,,,,,,,,,,,29,resigned
83.48,,,,,,,,,,,,,,,,,,74,timeout
83.47,,,,,,,,,,,,,,,,,,77,insufficient
83.47,,,,,,,,,,,,,,,,,,43,checkmated
83.45,,,,,,,,,,,,,,,,,,34,resigned
83.44,,,,,,,,,,,,,,,,,,46,timeout
83.43,,,,,,,,,,,,,,,,,,62,resigned
83.43,,,,,,,,,,,,,,,,,,55,checkmated
83.41,,,,,,,,,,,,,,,,,,26,timeout
83.4,,,,,,,,,,,,,,,,,,51,timeout
83.39,,,,,,,,,,,,,,,,,,42,resigned
83.36,,,,,,,,,,,,,,,,,,69,insufficient
83.33,,,,,,,,,,,,,,,,,,45,resigned
83.32,,,,,,,,,,,,,,,,,,63,timeout
83.31,,,,,,,,,,,,,,,,,,50,resigned
83.29,,,,,,,,,,,,,,,,,,41,resigned
83.28,,,,,,,,,,,,,,,,,,43,resigned
83.25,,,,,,,,,,,,,,,,,,32,checkmated
83.25,,,,,,,,,,,,,,,,,,34,resigned
83.23,,,,,,,,,,,,,,,,,,31,checkmated
83.23,,,,,,,,,,,,,,,,,,18,resigned
83.21,,,,,,,,,,,,,,,,,,46,repetition
83.2,,,,,,,,,,,,,,,,,,32,resigned
83.19,,,,,,,,,,,,,,,,,,57,insufficient
83.19,,,,,,,,,,,,,,,,,,16,checkmated
83.16,,,,,,,,,,,,,,,,,,66,checkmated
83.15,,,,,,,,,,,,,,,,,,40,resigned
83.15,,,,,,,,,,,,,,,,,,46,timeout
83.14,,,,,,,,,,,,,,,,,,24,resigned
83.12,,,,,,,,,,,,,,,,,,44,checkmated
83.11,,,,,,,,,,,,,,,,,,64,timevsinsufficient
83.1,,,,,,,,,,,,,,,,,,52,checkmated
83.07,,,,,,,,,,,,,,,,,,36,checkmated
83.06,,,,,,,,,,,,,,,,,,29,timeout
83.05,,,,,,,,,,,,,,,,,,56,timevsinsufficient
83.04,,,,,,,,,,,,,,,,,,31,resigned
83.03,,,,,,,,,,,,,,,,,,49,repetition
83.03,,,,,,,,,,,,,,,,,,59,resigned
83.02,,,,,,,,,,,,,,,,,,58,checkmated
83,,,,,,,,,,,,,,,,,,68,timeout
82.98,,,,,,,,,,,,,,,,,,145,checkmated
82.98,,,,,,,,,,,,,,,,,,87,resigned
82.97,,,,,,,,,,,,,,,,,,46,timeout
82.96,,,,,,,,,,,,,,,,,,73,stalemate
82.94,,,,,,,,,,,,,,,,,,35,resigned
82.94,,,,,,,,,,,,,,,,,,54,timeout
82.93,,,,,,,,,,,,,,,,,,25,resigned
82.92,,,,,,,,,,,,,,,,,,79,timeout
82.92,,,,,,,,,,,,,,,,,,34,resigned
82.91,,,,,,,,,,,,,,,,,,41,checkmated
82.88,,,,,,,,,,,,,,,,,,18,resigned
82.86,,,,,,,,,,,,,,,,,,78,checkmated
82.86,,,,,,,,,,,,,,,,,,61,checkmated
82.85,,,,,,,,,,,,,,,,,,36,resigned
82.83,,,,,,,,,,,,,,,,,,29,resigned
82.83,,,,,,,,,,,,,,,,,,45,timeout
82.83,,,,,,,,,,,,,,,,,,102,timeout
82.81,,,,,,,,,,,,,,,,,,41,timeout
82.81,,,,,,,,,,,,,,,,,,63,checkmated
82.79,,,,,,,,,,,,,,,,,,43,resigned
82.77,,,,,,,,,,,,,,,,,,58,checkmated
82.71,,,,,,,,,,,,,,,,,,23,resigned
82.71,,,,,,,,,,,,,,,,,,21,resigned
82.69,,,,,,,,,,,,,,,,,,53,timeout
82.68,,,,,,,,,,,,,,,,,,76,checkmated
82.66,,,,,,,,,,,,,,,,,,35,repetition
82.65,,,,,,,,,,,,,,,,,,28,resigned
82.64,,,,,,,,,,,,,,,,,,54,resigned
82.63,,,,,,,,,,,,,,,,,,39,checkmated
82.63,,,,,,,,,,,,,,,,,,25,resigned
82.63,,,,,,,,,,,,,,,,,,45,resigned
82.63,,,,,,,,,,,,,,,,,,32,checkmated
82.6,,,,,,,,,,,,,,,,,,28,resigned
82.6,,,,,,,,,,,,,,,,,,35,checkmated
82.59,,,,,,,,,,,,,,,,,,53,resigned
82.56,,,,,,,,,,,,,,,,,,55,checkmated
82.56,,,,,,,,,,,,,,,,,,37,timeout
82.53,,,,,,,,,,,,,,,,,,57,resigned
82.5,,,,,,,,,,,,,,,,,,71,timeout
82.49,,,,,,,,,,,,,,,,,,44,resigned
82.48,,,,,,,,,,,,,,,,,,54,timeout
82.48,,,,,,,,,,,,,,,,,,49,resigned
82.47,,,,,,,,,,,,,,,,,,26,resigned
82.44,,,,,,,,,,,,,,,,,,24,resigned
82.42,,,,,,,,,,,,,,,,,,20,resigned
82.41,,,,,,,,,,,,,,,,,,34,resigned
82.41,,,,,,,,,,,,,,,,,,17,resigned
82.39,,,,,,,,,,,,,,,,,,72,checkmated
82.37,,,,,,,,,,,,,,,,,,23,checkmated
82.34,,,,,,,,,,,,,,,,,,31,checkmated
82.33,,,,,,,,,,,,,,,,,,81,timeout
82.33,,,,,,,,,,,,,,,,,,56,resigned
82.32,,,,,,,,,,,,,,,,,,39,timeout
82.32,,,,,,,,,,,,,,,,,,54,timeout
82.31,,,,,,,,,,,,,,,,,,61,checkmated
82.31,,,,,,,,,,,,,,,,,,50,resigned
82.31,,,,,,,,,,,,,,,,,,49,resigned
82.3,,,,,,,,,,,,,,,,,,27,resigned
82.29,,,,,,,,,,,,,,,,,,30,checkmated
82.28,,,,,,,,,,,,,,,,,,27,resigned
82.28,,,,,,,,,,,,,,,,,,28,checkmated
82.28,,,,,,,,,,,,,,,,,,44,checkmated
82.28,,,,,,,,,,,,,,,,,,24,resigned
82.25,,,,,,,,,,,,,,,,,,21,resigned
82.25,,,,,,,,,,,,,,,,,,33,checkmated
82.25,,,,,,,,,,,,,,,,,,18,resigned
82.23,,,,,,,,,,,,,,,,,,73,timeout
82.22,,,,,,,,,,,,,,,,,,28,resigned
82.2,,,,,,,,,,,,,,,,,,103,timeout
82.19,,,,,,,,,,,,,,,,,,32,resigned
82.19,,,,,,,,,,,,,,,,,,33,checkmated
82.18,,,,,,,,,,,,,,,,,,52,resigned
82.16,,,,,,,,,,,,,,,,,,32,resigned
82.16,,,,,,,,,,,,,,,,,,51,checkmated
82.16,,,,,,,,,,,,,,,,,,22,resigned
82.15,,,,,,,,,,,,,,,,,,20,resigned
82.15,,,,,,,,,,,,,,,,,,47,resigned
82.14,,,,,,,,,,,,,,,,,,64,timeout
82.14,,,,,,,,,,,,,,,,,,47,timeout
82.13,,,,,,,,,,,,,,,,,,7,resigned
82.1,,,,,,,,,,,,,,,,,,71,stalemate
82.1,,,,,,,,,,,,,,,,,,30,timeout
82.09,,,,,,,,,,,,,,,,,,57,checkmated
82.04,,,,,,,,,,,,,,,,,,66,timeout
82.03,,,,,,,,,,,,,,,,,,59,timeout
82.02,,,,,,,,,,,,,,,,,,16,resigned
82.01,,,,,,,,,,,,,,,,,,46,resigned
82,,,,,,,,,,,,,,,,,,17,resigned
81.99,,,,,,,,,,,,,,,,,,30,resigned
81.98,,,,,,,,,,,,,,,,,,58,timeout
81.96,,,,,,,,,,,,,,,,,,31,resigned
81.95,,,,,,,,,,,,,,,,,,68,timeout
81.93,,,,,,,,,,,,,,,,,,33,timeout
81.91,,,,,,,,,,,,,,,,,,70,checkmated
81.91,,,,,,,,,,,,,,,,,,46,checkmated
81.9,,,,,,,,,,,,,,,,,,43,checkmated
81.88,,,,,,,,,,,,,,,,,,63,checkmated
81.85,,,,,,,,,,,,,,,,,,23,resigned
81.81,,,,,,,,,,,,,,,,,,32,resigned
81.8,,,,,,,,,,,,,,,,,,76,checkmated
81.75,,,,,,,,,,,,,,,,,,30,checkmated
81.74,,,,,,,,,,,,,,,,,,36,resigned
81.74,,,,,,,,,,,,,,,,,,39,checkmated
81.74,,,,,,,,,,,,,,,,,,59,checkmated
81.7,,,,,,,,,,,,,,,,,,46,resigned
81.69,,,,,,,,,,,,,,,,,,28,resigned
81.69,,,,,,,,,,,,,,,,,,34,timeout
81.68,,,,,,,,,,,,,,,,,,65,checkmated
81.66,,,,,,,,,,,,,,,,,,42,checkmated
81.63,,,,,,,,,,,,,,,,,,64,stalemate
81.63,,,,,,,,,,,,,,,,,,55,timeout
81.62,,,,,,,,,,,,,,,,,,58,stalemate
81.62,,,,,,,,,,,,,,,,,,38,timeout
81.61,,,,,,,,,,,,,,,,,,40,resigned
81.6,,,,,,,,,,,,,,,,,,30,resigned
81.58,,,,,,,,,,,,,,,,,,60,checkmated
81.57,,,,,,,,,,,,,,,,,,24,repetition
81.57,,,,,,,,,,,,,,,,,,46,timeout
81.56,,,,,,,,,,,,,,,,,,20,resigned
81.56,,,,,,,,,,,,,,,,,,29,resigned
81.55,,,,,,,,,,,,,,,,,,28,resigned
81.54,,,,,,,,,,,,,,,,,,63,resigned
81.53,,,,,,,,,,,,,,,,,,34,resigned
81.53,,,,,,,,,,,,,,,,,,105,timeout
81.52,,,,,,,,,,,,,,,,,,23,resigned
81.51,,,,,,,,,,,,,,,,,,29,timeout
81.5,,,,,,,,,,,,,,,,,,23,resigned
81.5,,,,,,,,,,,,,,,,,,47,checkmated
81.5,,,,,,,,,,,,,,,,,,58,checkmated
81.48,,,,,,,,,,,,,,,,,,41,resigned
81.48,,,,,,,,,,,,,,,,,,68,timeout
81.46,,,,,,,,,,,,,,,,,,58,repetition
81.45,,,,,,,,,,,,,,,,,,27,resigned
81.44,,,,,,,,,,,,,,,,,,37,resigned
81.42,,,,,,,,,,,,,,,,,,26,repetition
81.42,,,,,,,,,,,,,,,,,,19,resigned
81.41,,,,,,,,,,,,,,,,,,56,checkmated
81.37,,,,,,,,,,,,,,,,,,26,agreed
81.35,,,,,,,,,,,,,,,,,,23,resigned
81.34,,,,,,,,,,,,,,,,,,19,resigned
81.34,,,,,,,,,,,,,,,,,,32,resigned
81.34,,,,,,,,,,,,,,,,,,20,resigned
81.31,,,,,,,,,,,,,,,,,,56,timeout
81.29,,,,,,,,,,,,,,,,,,26,resigned
81.27,,,,,,,,,,,,,,,,,,47,agreed
81.27,,,,,,,,,,,,,,,,,,48,timeout
81.26,,,,,,,,,,,,,,,,,,13,checkmated
81.24,,,,,,,,,,,,,,,,,,28,resigned
81.23,,,,,,,,,,,,,,,,,,41,checkmated
81.22,,,,,,,,,,,,,,,,,,39,resigned
81.21,,,,,,,,,,,,,,,,,,26,resigned
81.2,,,,,,,,,,,,,,,,,,49,timeout
81.2,,,,,,,,,,,,,,,,,,46,timeout
81.15,,,,,,,,,,,,,,,,,,16,repetition
81.13,,,,,,,,,,,,,,,,,,20,resigned
81.1,,,,,,,,,,,,,,,,,,66,resigned
81.09,,,,,,,,,,,,,,,,,,56,timeout
81.08,,,,,,,,,,,,,,,,,,28,resigned
81.05,,,,,,,,,,,,,,,,,,58,checkmated
81.04,,,,,,,,,,,,,,,,,,26,repetition
81.04,,,,,,,,,,,,,,,,,,58,resigned
81.03,,,,,,,,,,,,,,,,,,35,resigned
81.03,,,,,,,,,,,,,,,,,,69,timevsinsufficient
81.02,,,,,,,,,,,,,,,,,,31,resigned
80.99,,,,,,,,,,,,,,,,,,24,resigned
80.99,,,,,,,,,,,,,,,,,,64,resigned
80.99,,,,,,,,,,,,,,,,,,72,timeout
80.98,,,,,,,,,,,,,,,,,,35,resigned
80.97,,,,,,,,,,,,,,,,,,46,resigned
80.95,,,,,,,,,,,,,,,,,,79,checkmated
80.9,,,,,,,,,,,,,,,,,,17,resigned
80.89,,,,,,,,,,,,,,,,,,183,checkmated
80.89,,,,,,,,,,,,,,,,,,17,resigned
80.88,,,,,,,,,,,,,,,,,,44,timeout
80.83,,,,,,,,,,,,,,,,,,104,checkmated
80.8,,,,,,,,,,,,,,,,,,33,resigned
80.8,,,,,,,,,,,,,,,,,,59,timeout
80.79,,,,,,,,,,,,,,,,,,74,stalemate
80.76,,,,,,,,,,,,,,,,,,22,resigned
80.74,,,,,,,,,,,,,,,,,,32,timeout
80.74,,,,,,,,,,,,,,,,,,60,timeout
80.73,,,,,,,,,,,,,,,,,,48,timeout
80.73,,,,,,,,,,,,,,,,,,49,checkmated
80.72,,,,,,,,,,,,,,,,,,33,resigned
80.7,,,,,,,,,,,,,,,,,,73,insufficient
80.68,,,,,,,,,,,,,,,,,,33,resigned
80.67,,,,,,,,,,,,,,,,,,71,resigned
80.63,,,,,,,,,,,,,,,,,,7,resigned
80.62,,,,,,,,,,,,,,,,,,30,resigned
80.62,,,,,,,,,,,,,,,,,,43,timeout
80.62,,,,,,,,,,,,,,,,,,28,checkmated
80.62,,,,,,,,,,,,,,,,,,36,resigned
80.61,,,,,,,,,,,,,,,,,,52,checkmated
80.58,,,,,,,,,,,,,,,,,,57,timeout
80.57,,,,,,,,,,,,,,,,,,12,resigned
80.54,,,,,,,,,,,,,,,,,,55,resigned
80.53,,,,,,,,,,,,,,,,,,35,timeout
80.46,,,,,,,,,,,,,,,,,,70,timeout
80.45,,,,,,,,,,,,,,,,,,54,timeout
80.45,,,,,,,,,,,,,,,,,,118,checkmated
80.45,,,,,,,,,,,,,,,,,,22,resigned
80.44,,,,,,,,,,,,,,,,,,59,timeout
80.43,,,,,,,,,,,,,,,,,,34,resigned
80.42,,,,,,,,,,,,,,,,,,40,resigned
80.42,,,,,,,,,,,,,,,,,,30,timeout
80.41,,,,,,,,,,,,,,,,,,37,resigned
80.41,,,,,,,,,,,,,,,,,,63,timeout
80.38,,,,,,,,,,,,,,,,,,60,resigned
80.37,,,,,,,,,,,,,,,,,,17,resigned
80.34,,,,,,,,,,,,,,,,,,59,checkmated
80.33,,,,,,,,,,,,,,,,,,59,resigned
80.3,,,,,,,,,,,,,,,,,,72,timeout
80.29,,,,,,,,,,,,,,,,,,59,checkmated
80.23,,,,,,,,,,,,,,,,,,26,resigned
80.21,,,,,,,,,,,,,,,,,,72,timeout
80.2,,,,,,,,,,,,,,,,,,28,resigned
80.2,,,,,,,,,,,,,,,,,,32,checkmated
80.19,,,,,,,,,,,,,,,,,,36,checkmated
80.17,,,,,,,,,,,,,,,,,,53,timeout
80.17,,,,,,,,,,,,,,,,,,59,timeout
80.15,,,,,,,,,,,,,,,,,,55,resigned
80.15,,,,,,,,,,,,,,,,,,44,timeout
80.14,,,,,,,,,,,,,,,,,,42,timeout
80.13,,,,,,,,,,,,,,,,,,29,resigned
80.12,,,,,,,,,,,,,,,,,,32,resigned
80.11,,,,,,,,,,,,,,,,,,74,timevsinsufficient
80.05,,,,,,,,,,,,,,,,,,20,resigned
80.04,,,,,,,,,,,,,,,,,,58,timeout
80.02,,,,,,,,,,,,,,,,,,22,resigned
80.01,,,,,,,,,,,,,,,,,,47,checkmated
80.01,,,,,,,,,,,,,,,,,,28,resigned
80.01,,,,,,,,,,,,,,,,,,30,timeout
79.98,,,,,,,,,,,,,,,,,,34,resigned
79.98,,,,,,,,,,,,,,,,,,48,resigned
79.97,,,,,,,,,,,,,,,,,,38,resigned
79.95,,,,,,,,,,,,,,,,,,25,checkmated
79.94,,,,,,,,,,,,,,,,,,66,repetition
79.92,,,,,,,,,,,,,,,,,,38,resigned
79.87,,,,,,,,,,,,,,,,,,101,timevsinsufficient
79.86,,,,,,,,,,,,,,,,,,64,insufficient
79.86,,,,,,,,,,,,,,,,,,32,resigned
79.86,,,,,,,,,,,,,,,,,,15,resigned
79.84,,,,,,,,,,,,,,,,,,39,resigned
79.84,,,,,,,,,,,,,,,,,,28,resigned
79.84,,,,,,,,,,,,,,,,,,16,checkmated
79.83,,,,,,,,,,,,,,,,,,51,timeout
79.77,,,,,,,,,,,,,,,,,,59,timeout
79.77,,,,,,,,,,,,,,,,,,60,timevsinsufficient
79.74,,,,,,,,,,,,,,,,,,42,timeout
79.73,,,,,,,,,,,,,,,,,,45,checkmated
79.71,,,,,,,,,,,,,,,,,,21,resigned
79.7,,,,,,,,,,,,,,,,,,40,checkmated
79.69,,,,,,,,,,,,,,,,,,49,resigned
79.67,,,,,,,,,,,,,,,,,,42,resigned
79.67,,,,,,,,,,,,,,,,,,12,resigned
79.67,,,,,,,,,,,,,,,,,,32,checkmated
79.65,,,,,,,,,,,,,,,,,,19,resigned
79.64,,,,,,,,,,,,,,,,,,32,resigned
79.62,,,,,,,,,,,,,,,,,,61,timeout
79.59,,,,,,,,,,,,,,,,,,39,resigned
79.59,,,,,,,,,,,,,,,,,,30,resigned
79.56,,,,,,,,,,,,,,,,,,49,resigned
79.56,,,,,,,,,,,,,,,,,,56,timeout
79.5,,,,,,,,,,,,,,,,,,64,checkmated
79.5,,,,,,,,,,,,,,,,,,23,checkmated
79.49,,,,,,,,,,,,,,,,,,29,resigned
79.48,,,,,,,,,,,,,,,,,,35,resigned
79.47,,,,,,,,,,,,,,,,,,25,resigned
79.45,,,,,,,,,,,,,,,,,,52,timeout
79.45,,,,,,,,,,,,,,,,,,35,resigned
79.43,,,,,,,,,,,,,,,,,,21,resigned
79.43,,,,,,,,,,,,,,,,,,59,repetition
79.42,,,,,,,,,,,,,,,,,,63,timeout
79.38,,,,,,,,,,,,,,,,,,57,timeout
79.36,,,,,,,,,,,,,,,,,,30,resigned
79.35,,,,,,,,,,,,,,,,,,23,timeout
79.33,,,,,,,,,,,,,,,,,,35,resigned
79.29,,,,,,,,,,,,,,,,,,41,resigned
79.28,,,,,,,,,,,,,,,,,,83,timeout
79.28,,,,,,,,,,,,,,,,,,29,checkmated
79.28,,,,,,,,,,,,,,,,,,30,resigned
79.27,,,,,,,,,,,,,,,,,,83,timeout
79.24,,,,,,,,,,,,,,,,,,45,resigned
79.24,,,,,,,,,,,,,,,,,,58,timeout
79.23,,,,,,,,,,,,,,,,,,38,resigned
79.22,,,,,,,,,,,,,,,,,,30,resigned
79.21,,,,,,,,,,,,,,,,,,26,resigned
79.21,,,,,,,,,,,,,,,,,,71,checkmated
79.17,,,,,,,,,,,,,,,,,,25,resigned
79.17,,,,,,,,,,,,,,,,,,46,resigned
79.16,,,,,,,,,,,,,,,,,,38,checkmated
79.16,,,,,,,,,,,,,,,,,,72,repetition
79.15,,,,,,,,,,,,,,,,,,35,timeout
79.15,,,,,,,,,,,,,,,,,,42,resigned
79.15,,,,,,,,,,,,,,,,,,49,resigned
79.14,,,,,,,,,,,,,,,,,,20,resigned
79.12,,,,,,,,,,,,,,,,,,59,timeout
79.11,,,,,,,,,,,,,,,,,,36,checkmated
79.1,,,,,,,,,,,,,,,,,,66,timeout
79.09,,,,,,,,,,,,,,,,,,26,resigned
79.08,,,,,,,,,,,,,,,,,,28,resigned
79.05,,,,,,,,,,,,,,,,,,82,checkmated
79.04,,,,,,,,,,,,,,,,,,19,resigned
79.02,,,,,,,,,,,,,,,,,,75,stalemate
79.02,,,,,,,,,,,,,,,,,,54,timeout
79.01,,,,,,,,,,,,,,,,,,27,resigned
79.01,,,,,,,,,,,,,,,,,,45,resigned
79.01,,,,,,,,,,,,,,,,,,55,checkmated
79,,,,,,,,,,,,,,,,,,60,resigned
78.98,,,,,,,,,,,,,,,,,,17,resigned
78.96,,,,,,,,,,,,,,,,,,41,timeout
78.96,,,,,,,,,,,,,,,,,,99,timeout
78.95,,,,,,,,,,,,,,,,,,33,resigned
78.93,,,,,,,,,,,,,,,,,,32,resigned
78.93,,,,,,,,,,,,,,,,,,40,checkmated
78.92,,,,,,,,,,,,,,,,,,73,checkmated
78.92,,,,,,,,,,,,,,,,,,44,checkmated
78.91,,,,,,,,,,,,,,,,,,19,resigned
78.9,,,,,,,,,,,,,,,,,,33,checkmated
78.86,,,,,,,,,,,,,,,,,,51,resigned
78.85,,,,,,,,,,,,,,,,,,53,timeout
78.81,,,,,,,,,,,,,,,,,,64,timeout
78.74,,,,,,,,,,,,,,,,,,50,timeout
78.73,,,,,,,,,,,,,,,,,,33,resigned
78.72,,,,,,,,,,,,,,,,,,69,checkmated
78.71,,,,,,,,,,,,,,,,,,73,checkmated
78.71,,,,,,,,,,,,,,,,,,44,timeout
78.68,,,,,,,,,,,,,,,,,,49,checkmated
78.68,,,,,,,,,,,,,,,,,,24,resigned
78.68,,,,,,,,,,,,,,,,,,88,timeout
78.66,,,,,,,,,,,,,,,,,,23,timeout
78.64,,,,,,,,,,,,,,,,,,68,resigned
78.63,,,,,,,,,,,,,,,,,,19,resigned
78.63,,,,,,,,,,,,,,,,,,43,checkmated
78.61,,,,,,,,,,,,,,,,,,18,resigned
78.59,,,,,,,,,,,,,,,,,,25,resigned
78.58,,,,,,,,,,,,,,,,,,77,timeout
78.56,,,,,,,,,,,,,,,,,,42,resigned
78.56,,,,,,,,,,,,,,,,,,43,agreed
78.52,,,,,,,,,,,,,,,,,,38,timeout
78.42,,,,,,,,,,,,,,,,,,67,timeout
78.4,,,,,,,,,,,,,,,,,,66,timeout
78.4,,,,,,,,,,,,,,,,,,64,timeout
78.39,,,,,,,,,,,,,,,,,,34,checkmated
78.37,,,,,,,,,,,,,,,,,,26,resigned
78.37,,,,,,,,,,,,,,,,,,20,resigned
78.37,,,,,,,,,,,,,,,,,,56,timeout
78.34,,,,,,,,,,,,,,,,,,67,timeout
78.34,,,,,,,,,,,,,,,,,,33,resigned
78.32,,,,,,,,,,,,,,,,,,33,resigned
78.3,,,,,,,,,,,,,,,,,,30,checkmated
78.28,,,,,,,,,,,,,,,,,,43,timeout
78.27,,,,,,,,,,,,,,,,,,25,checkmated
78.27,,,,,,,,,,,,,,,,,,30,timeout
78.25,,,,,,,,,,,,,,,,,,58,checkmated
78.24,,,,,,,,,,,,,,,,,,26,resigned
78.24,,,,,,,,,,,,,,,,,,29,checkmated
78.19,,,,,,,,,,,,,,,,,,24,resigned
78.13,,,,,,,,,,,,,,,,,,66,timeout
78.11,,,,,,,,,,,,,,,,,,55,checkmated
78.07,,,,,,,,,,,,,,,,,,74,timeout
78.06,,,,,,,,,,,,,,,,,,55,timeout
78,,,,,,,,,,,,,,,,,,15,resigned
77.99,,,,,,,,,,,,,,,,,,28,resigned
77.98,,,,,,,,,,,,,,,,,,57,timeout
77.98,,,,,,,,,,,,,,,,,,21,resigned
77.97,,,,,,,,,,,,,,,,,,43,resigned
77.96,,,,,,,,,,,,,,,,,,60,timeout
77.94,,,,,,,,,,,,,,,,,,17,resigned
77.94,,,,,,,,,,,,,,,,,,45,timeout
77.92,,,,,,,,,,,,,,,,,,44,timeout
77.9,,,,,,,,,,,,,,,,,,38,checkmated
77.89,,,,,,,,,,,,,,,,,,60,repetition
77.88,,,,,,,,,,,,,,,,,,20,checkmated
77.86,,,,,,,,,,,,,,,,,,64,timeout
77.85,,,,,,,,,,,,,,,,,,35,resigned
77.84,,,,,,,,,,,,,,,,,,69,checkmated
77.83,,,,,,,,,,,,,,,,,,18,resigned
77.83,,,,,,,,,,,,,,,,,,83,timeout
77.83,,,,,,,,,,,,,,,,,,89,insufficient
77.82,,,,,,,,,,,,,,,,,,37,resigned
77.77,,,,,,,,,,,,,,,,,,26,checkmated
77.77,,,,,,,,,,,,,,,,,,42,timeout
77.76,,,,,,,,,,,,,,,,,,91,checkmated
77.72,,,,,,,,,,,,,,,,,,30,resigned
77.71,,,,,,,,,,,,,,,,,,30,checkmated
77.68,,,,,,,,,,,,,,,,,,30,resigned
77.66,,,,,,,,,,,,,,,,,,78,timeout
77.62,,,,,,,,,,,,,,,,,,79,timeout
77.6,,,,,,,,,,,,,,,,,,51,resigned
77.57,,,,,,,,,,,,,,,,,,73,stalemate
77.55,,,,,,,,,,,,,,,,,,29,resigned
77.53,,,,,,,,,,,,,,,,,,16,resigned
77.52,,,,,,,,,,,,,,,,,,32,checkmated
77.52,,,,,,,,,,,,,,,,,,38,timeout
77.49,,,,,,,,,,,,,,,,,,66,timeout
77.47,,,,,,,,,,,,,,,,,,25,resigned
77.44,,,,,,,,,,,,,,,,,,51,checkmated
77.43,,,,,,,,,,,,,,,,,,66,checkmated
77.42,,,,,,,,,,,,,,,,,,25,resigned
77.38,,,,,,,,,,,,,,,,,,30,timeout
77.36,,,,,,,,,,,,,,,,,,19,checkmated
77.36,,,,,,,,,,,,,,,,,,29,timeout
77.35,,,,,,,,,,,,,,,,,,63,resigned
77.35,,,,,,,,,,,,,,,,,,37,timeout
77.34,,,,,,,,,,,,,,,,,,24,resigned
77.32,,,,,,,,,,,,,,,,,,60,timeout
77.32,,,,,,,,,,,,,,,,,,48,checkmated
77.32,,,,,,,,,,,,,,,,,,22,resigned
77.28,,,,,,,,,,,,,,,,,,82,timeout
77.27,,,,,,,,,,,,,,,,,,63,resigned
77.25,,,,,,,,,,,,,,,,,,60,resigned
77.25,,,,,,,,,,,,,,,,,,59,resigned
77.24,,,,,,,,,,,,,,,,,,56,resigned
77.21,,,,,,,,,,,,,,,,,,34,repetition
77.19,,,,,,,,,,,,,,,,,,34,timeout
77.19,,,,,,,,,,,,,,,,,,39,checkmated
77.18,,,,,,,,,,,,,,,,,,27,checkmated
77.18,,,,,,,,,,,,,,,,,,36,checkmated
77.17,,,,,,,,,,,,,,,,,,18,resigned
77.15,,,,,,,,,,,,,,,,,,64,timeout
77.14,,,,,,,,,,,,,,,,,,31,checkmated
77.13,,,,,,,,,,,,,,,,,,9,agreed
77.08,,,,,,,,,,,,,,,,,,16,resigned
77.05,,,,,,,,,,,,,,,,,,53,checkmated
77.05,,,,,,,,,,,,,,,,,,85,timeout
77.03,,,,,,,,,,,,,,,,,,30,checkmated
77.01,,,,,,,,,,,,,,,,,,35,resigned
76.97,,,,,,,,,,,,,,,,,,11,resigned
76.97,,,,,,,,,,,,,,,,,,44,checkmated
76.96,,,,,,,,,,,,,,,,,,46,checkmated
76.96,,,,,,,,,,,,,,,,,,55,checkmated
76.96,,,,,,,,,,,,,,,,,,54,checkmated
76.92,,,,,,,,,,,,,,,,,,22,checkmated
76.92,,,,,,,,,,,,,,,,,,61,timeout
76.89,,,,,,,,,,,,,,,,,,54,timeout
76.83,,,,,,,,,,,,,,,,,,28,resigned
76.78,,,,,,,,,,,,,,,,,,66,timeout
76.78,,,,,,,,,,,,,,,,,,58,timeout
76.76,,,,,,,,,,,,,,,,,,63,checkmated
76.75,,,,,,,,,,,,,,,,,,48,timeout
76.73,,,,,,,,,,,,,,,,,,60,insufficient
76.66,,,,,,,,,,,,,,,,,,28,timeout
76.63,,,,,,,,,,,,,,,,,,16,abandoned
76.6,,,,,,,,,,,,,,,,,,38,resigned
76.6,,,,,,,,,,,,,,,,,,78,checkmated
76.56,,,,,,,,,,,,,,,,,,16,resigned
76.55,,,,,,,,,,,,,,,,,,17,resigned
76.55,,,,,,,,,,,,,,,,,,37,checkmated
76.52,,,,,,,,,,,,,,,,,,47,timeout
76.48,,,,,,,,,,,,,,,,,,79,timeout
76.46,,,,,,,,,,,,,,,,,,52,timeout
76.42,,,,,,,,,,,,,,,,,,34,timeout
76.4,,,,,,,,,,,,,,,,,,33,resigned
76.39,,,,,,,,,,,,,,,,,,29,resigned
76.38,,,,,,,,,,,,,,,,,,42,checkmated
76.37,,,,,,,,,,,,,,,,,,72,timeout
76.32,,,,,,,,,,,,,,,,,,52,resigned
76.3,,,,,,,,,,,,,,,,,,59,resigned
76.29,,,,,,,,,,,,,,,,,,22,resigned
76.29,,,,,,,,,,,,,,,,,,67,checkmated
76.27,,,,,,,,,,,,,,,,,,42,timeout
76.21,,,,,,,,,,,,,,,,,,26,resigned
76.21,,,,,,,,,,,,,,,,,,82,checkmated
76.2,,,,,,,,,,,,,,,,,,73,timeout
76.17,,,,,,,,,,,,,,,,,,51,resigned
76.17,,,,,,,,,,,,,,,,,,70,timevsinsufficient
76.17,,,,,,,,,,,,,,,,,,45,timeout
76.11,,,,,,,,,,,,,,,,,,75,insufficient
76.1,,,,,,,,,,,,,,,,,,57,timeout
76.09,,,,,,,,,,,,,,,,,,28,resigned
76.07,,,,,,,,,,,,,,,,,,45,resigned
76.07,,,,,,,,,,,,,,,,,,33,checkmated
76.05,,,,,,,,,,,,,,,,,,24,resigned
76.05,,,,,,,,,,,,,,,,,,62,checkmated
76.04,,,,,,,,,,,,,,,,,,29,resigned
76.03,,,,,,,,,,,,,,,,,,74,timeout
76.02,,,,,,,,,,,,,,,,,,52,resigned
75.98,,,,,,,,,,,,,,,,,,30,resigned
75.97,,,,,,,,,,,,,,,,,,62,resigned
75.97,,,,,,,,,,,,,,,,,,84,resigned
75.95,,,,,,,,,,,,,,,,,,43,timeout
75.92,,,,,,,,,,,,,,,,,,21,resigned
75.9,,,,,,,,,,,,,,,,,,52,checkmated
75.89,,,,,,,,,,,,,,,,,,37,resigned
75.89,,,,,,,,,,,,,,,,,,45,resigned
75.84,,,,,,,,,,,,,,,,,,34,timeout
75.83,,,,,,,,,,,,,,,,,,82,timevsinsufficient
75.81,,,,,,,,,,,,,,,,,,80,timeout
75.81,,,,,,,,,,,,,,,,,,34,resigned
75.77,,,,,,,,,,,,,,,,,,49,timeout
75.75,,,,,,,,,,,,,,,,,,19,resigned
75.68,,,,,,,,,,,,,,,,,,16,checkmated
75.68,,,,,,,,,,,,,,,,,,36,resigned
75.67,,,,,,,,,,,,,,,,,,23,resigned
75.67,,,,,,,,,,,,,,,,,,25,resigned
75.66,,,,,,,,,,,,,,,,,,31,resigned
75.62,,,,,,,,,,,,,,,,,,71,timeout
75.61,,,,,,,,,,,,,,,,,,33,checkmated
75.59,,,,,,,,,,,,,,,,,,91,timevsinsufficient
75.59,,,,,,,,,,,,,,,,,,56,timeout
75.52,,,,,,,,,,,,,,,,,,32,checkmated
75.51,,,,,,,,,,,,,,,,,,18,resigned
75.46,,,,,,,,,,,,,,,,,,45,checkmated
75.46,,,,,,,,,,,,,,,,,,30,timeout
75.44,,,,,,,,,,,,,,,,,,20,resigned
75.38,,,,,,,,,,,,,,,,,,14,resigned
75.36,,,,,,,,,,,,,,,,,,16,resigned
75.33,,,,,,,,,,,,,,,,,,42,resigned
75.33,,,,,,,,,,,,,,,,,,45,timeout
75.32,,,,,,,,,,,,,,,,,,28,resigned
75.32,,,,,,,,,,,,,,,,,,31,resigned
75.31,,,,,,,,,,,,,,,,,,22,checkmated
75.31,,,,,,,,,,,,,,,,,,62,timeout
75.31,,,,,,,,,,,,,,,,,,29,checkmated
75.28,,,,,,,,,,,,,,,,,,85,resigned
75.22,,,,,,,,,,,,,,,,,,92,checkmated
75.22,,,,,,,,,,,,,,,,,,44,timeout
75.2,,,,,,,,,,,,,,,,,,46,checkmated
75.17,,,,,,,,,,,,,,,,,,67,timeout
75.15,,,,,,,,,,,,,,,,,,24,resigned
75.15,,,,,,,,,,,,,,,,,,37,timeout
75.08,,,,,,,,,,,,,,,,,,45,timeout
75.05,,,,,,,,,,,,,,,,,,69,timeout
75.04,,,,,,,,,,,,,,,,,,51,timeout
75.04,,,,,,,,,,,,,,,,,,38,resigned
75.03,,,,,,,,,,,,,,,,,,34,resigned
75.02,,,,,,,,,,,,,,,,,,42,checkmated
74.93,,,,,,,,,,,,,,,,,,24,timeout
74.93,,,,,,,,,,,,,,,,,,57,timeout
74.92,,,,,,,,,,,,,,,,,,35,resigned
74.83,,,,,,,,,,,,,,,,,,23,checkmated
74.76,,,,,,,,,,,,,,,,,,36,resigned
74.71,,,,,,,,,,,,,,,,,,81,checkmated
74.66,,,,,,,,,,,,,,,,,,12,resigned
74.63,,,,,,,,,,,,,,,,,,59,timeout
74.6,,,,,,,,,,,,,,,,,,14,checkmated
74.54,,,,,,,,,,,,,,,,,,34,checkmated
74.54,,,,,,,,,,,,,,,,,,14,resigned
74.54,,,,,,,,,,,,,,,,,,55,timeout
74.52,,,,,,,,,,,,,,,,,,69,checkmated
74.51,,,,,,,,,,,,,,,,,,31,resigned
74.48,,,,,,,,,,,,,,,,,,25,checkmated
74.48,,,,,,,,,,,,,,,,,,35,resigned
74.43,,,,,,,,,,,,,,,,,,29,checkmated
74.43,,,,,,,,,,,,,,,,,,52,resigned
74.36,,,,,,,,,,,,,,,,,,55,timeout
74.33,,,,,,,,,,,,,,,,,,29,resigned
74.33,,,,,,,,,,,,,,,,,,42,resigned
74.28,,,,,,,,,,,,,,,,,,50,timeout
74.28,,,,,,,,,,,,,,,,,,40,timeout
74.27,,,,,,,,,,,,,,,,,,41,resigned
74.23,,,,,,,,,,,,,,,,,,75,stalemate
74.23,,,,,,,,,,,,,,,,,,74,timeout
74.23,,,,,,,,,,,,,,,,,,40,timeout
74.18,,,,,,,,,,,,,,,,,,42,timeout
74.14,,,,,,,,,,,,,,,,,,38,resigned
74.14,,,,,,,,,,,,,,,,,,40,resigned
74.12,,,,,,,,,,,,,,,,,,55,resigned
74.12,,,,,,,,,,,,,,,,,,54,timeout
74.07,,,,,,,,,,,,,,,,,,47,checkmated
74.05,,,,,,,,,,,,,,,,,,77,timeout
74.03,,,,,,,,,,,,,,,,,,74,checkmated
73.85,,,,,,,,,,,,,,,,,,47,checkmated
73.82,,,,,,,,,,,,,,,,,,65,timeout
73.8,,,,,,,,,,,,,,,,,,50,timeout
73.76,,,,,,,,,,,,,,,,,,36,abandoned
73.75,,,,,,,,,,,,,,,,,,54,timeout
73.74,,,,,,,,,,,,,,,,,,19,resigned
73.71,,,,,,,,,,,,,,,,,,32,resigned
73.68,,,,,,,,,,,,,,,,,,59,checkmated
73.67,,,,,,,,,,,,,,,,,,69,timeout
73.66,,,,,,,,,,,,,,,,,,34,resigned
73.65,,,,,,,,,,,,,,,,,,33,resigned
73.62,,,,,,,,,,,,,,,,,,34,resigned
73.56,,,,,,,,,,,,,,,,,,19,resigned
73.56,,,,,,,,,,,,,,,,,,41,resigned
73.52,,,,,,,,,,,,,,,,,,19,resigned
73.48,,,,,,,,,,,,,,,,,,47,timeout
73.47,,,,,,,,,,,,,,,,,,32,resigned
73.44,,,,,,,,,,,,,,,,,,26,resigned
73.43,,,,,,,,,,,,,,,,,,69,repetition
73.42,,,,,,,,,,,,,,,,,,54,checkmated
73.4,,,,,,,,,,,,,,,,,,71,resigned
73.35,,,,,,,,,,,,,,,,,,43,timeout
73.34,,,,,,,,,,,,,,,,,,32,resigned
73.3,,,,,,,,,,,,,,,,,,32,resigned
73.2,,,,,,,,,,,,,,,,,,33,resigned
73.16,,,,,,,,,,,,,,,,,,29,resigned
73.15,,,,,,,,,,,,,,,,,,103,checkmated
73.11,,,,,,,,,,,,,,,,,,56,timeout
73.1,,,,,,,,,,,,,,,,,,21,resigned
73.07,,,,,,,,,,,,,,,,,,10,resigned
73.05,,,,,,,,,,,,,,,,,,21,resigned
73.01,,,,,,,,,,,,,,,,,,50,timeout
72.99,,,,,,,,,,,,,,,,,,25,resigned
72.99,,,,,,,,,,,,,,,,,,49,timeout
72.91,,,,,,,,,,,,,,,,,,35,resigned
72.91,,,,,,,,,,,,,,,,,,69,timeout
72.86,,,,,,,,,,,,,,,,,,39,resigned
72.85,,,,,,,,,,,,,,,,,,38,resigned
72.82,,,,,,,,,,,,,,,,,,32,resigned
72.79,,,,,,,,,,,,,,,,,,58,timeout
72.76,,,,,,,,,,,,,,,,,,48,timeout
72.73,,,,,,,,,,,,,,,,,,32,checkmated
72.7,,,,,,,,,,,,,,,,,,34,repetition
72.67,,,,,,,,,,,,,,,,,,49,timeout
72.64,,,,,,,,,,,,,,,,,,44,resigned
72.63,,,,,,,,,,,,,,,,,,16,resigned
72.62,,,,,,,,,,,,,,,,,,46,resigned
72.62,,,,,,,,,,,,,,,,,,29,checkmated
72.59,,,,,,,,,,,,,,,,,,22,resigned
72.59,,,,,,,,,,,,,,,,,,36,timeout
72.57,,,,,,,,,,,,,,,,,,35,checkmated
72.51,,,,,,,,,,,,,,,,,,27,resigned
72.47,,,,,,,,,,,,,,,,,,22,agreed
72.44,,,,,,,,,,,,,,,,,,77,checkmated
72.35,,,,,,,,,,,,,,,,,,39,checkmated
72.34,,,,,,,,,,,,,,,,,,30,checkmated
72.33,,,,,,,,,,,,,,,,,,66,timeout
72.29,,,,,,,,,,,,,,,,,,33,timeout
72.25,,,,,,,,,,,,,,,,,,26,checkmated
72.21,,,,,,,,,,,,,,,,,,24,resigned
72.2,,,,,,,,,,,,,,,,,,30,checkmated
72.2,,,,,,,,,,,,,,,,,,59,timeout
72.19,,,,,,,,,,,,,,,,,,96,checkmated
72.17,,,,,,,,,,,,,,,,,,57,checkmated
72.13,,,,,,,,,,,,,,,,,,19,repetition
72.1,,,,,,,,,,,,,,,,,,51,timeout
72.1,,,,,,,,,,,,,,,,,,45,timeout
72.01,,,,,,,,,,,,,,,,,,34,checkmated
71.93,,,,,,,,,,,,,,,,,,37,checkmated
71.86,,,,,,,,,,,,,,,,,,35,resigned
71.86,,,,,,,,,,,,,,,,,,22,resigned
71.84,,,,,,,,,,,,,,,,,,33,timeout
71.82,,,,,,,,,,,,,,,,,,37,timeout
71.79,,,,,,,,,,,,,,,,,,40,checkmated
71.75,,,,,,,,,,,,,,,,,,17,checkmated
71.75,,,,,,,,,,,,,,,,,,49,checkmated
71.61,,,,,,,,,,,,,,,,,,49,timeout
71.54,,,,,,,,,,,,,,,,,,48,timeout
71.38,,,,,,,,,,,,,,,,,,32,resigned
71.37,,,,,,,,,,,,,,,,,,67,checkmated
71.35,,,,,,,,,,,,,,,,,,32,timeout
71.33,,,,,,,,,,,,,,,,,,60,timeout
71.21,,,,,,,,,,,,,,,,,,44,resigned
71.14,,,,,,,,,,,,,,,,,,57,checkmated
71.04,,,,,,,,,,,,,,,,,,35,checkmated
70.98,,,,,,,,,,,,,,,,,,53,resigned
70.89,,,,,,,,,,,,,,,,,,59,timeout
70.88,,,,,,,,,,,,,,,,,,67,timeout
70.88,,,,,,,,,,,,,,,,,,57,resigned
70.85,,,,,,,,,,,,,,,,,,47,checkmated
70.75,,,,,,,,,,,,,,,,,,39,checkmated
70.73,,,,,,,,,,,,,,,,,,54,timeout
70.72,,,,,,,,,,,,,,,,,,35,checkmated
70.71,,,,,,,,,,,,,,,,,,40,timeout
70.7,,,,,,,,,,,,,,,,,,40,timeout
70.59,,,,,,,,,,,,,,,,,,30,resigned
70.4,,,,,,,,,,,,,,,,,,36,checkmated
70.29,,,,,,,,,,,,,,,,,,39,checkmated
70.29,,,,,,,,,,,,,,,,,,36,repetition
70.21,,,,,,,,,,,,,,,,,,33,checkmated
70.2,,,,,,,,,,,,,,,,,,36,checkmated
70.12,,,,,,,,,,,,,,,,,,20,checkmated
69.99,,,,,,,,,,,,,,,,,,36,resigned
69.94,,,,,,,,,,,,,,,,,,25,checkmated
69.94,,,,,,,,,,,,,,,,,,36,checkmated
69.93,,,,,,,,,,,,,,,,,,58,timeout
69.91,,,,,,,,,,,,,,,,,,19,checkmated
69.84,,,,,,,,,,,,,,,,,,74,timevsinsufficient
69.83,,,,,,,,,,,,,,,,,,35,checkmated
69.78,,,,,,,,,,,,,,,,,,24,checkmated
69.69,,,,,,,,,,,,,,,,,,20,resigned
69.69,,,,,,,,,,,,,,,,,,23,resigned
69.67,,,,,,,,,,,,,,,,,,19,resigned
69.67,,,,,,,,,,,,,,,,,,29,timeout
69.6,,,,,,,,,,,,,,,,,,29,checkmated
69.58,,,,,,,,,,,,,,,,,,57,checkmated
69.53,,,,,,,,,,,,,,,,,,28,resigned
69.53,,,,,,,,,,,,,,,,,,68,timeout
69.38,,,,,,,,,,,,,,,,,,40,repetition
69.35,,,,,,,,,,,,,,,,,,71,timeout
69.33,,,,,,,,,,,,,,,,,,61,timevsinsufficient
69.15,,,,,,,,,,,,,,,,,,38,resigned
69.13,,,,,,,,,,,,,,,,,,45,resigned
69.01,,,,,,,,,,,,,,,,,,49,timeout
68.98,,,,,,,,,,,,,,,,,,21,timeout
68.96,,,,,,,,,,,,,,,,,,22,resigned
68.93,,,,,,,,,,,,,,,,,,58,timeout
68.83,,,,,,,,,,,,,,,,,,30,checkmated
68.68,,,,,,,,,,,,,,,,,,30,checkmated
68.59,,,,,,,,,,,,,,,,,,36,resigned
68.57,,,,,,,,,,,,,,,,,,12,resigned
68.51,,,,,,,,,,,,,,,,,,34,resigned
68.34,,,,,,,,,,,,,,,,,,30,resigned
68.2,,,,,,,,,,,,,,,,,,14,checkmated
68.19,,,,,,,,,,,,,,,,,,47,timeout
68.13,,,,,,,,,,,,,,,,,,59,timeout
67.96,,,,,,,,,,,,,,,,,,51,resigned
67.87,,,,,,,,,,,,,,,,,,13,checkmated
67.82,,,,,,,,,,,,,,,,,,29,resigned
67.61,,,,,,,,,,,,,,,,,,33,repetition
67.55,,,,,,,,,,,,,,,,,,17,checkmated
67.52,,,,,,,,,,,,,,,,,,31,resigned
67.43,,,,,,,,,,,,,,,,,,14,checkmated
67.4,,,,,,,,,,,,,,,,,,30,resigned
67.24,,,,,,,,,,,,,,,,,,49,resigned
67.21,,,,,,,,,,,,,,,,,,40,checkmated
67.11,,,,,,,,,,,,,,,,,,12,resigned
67.07,,,,,,,,,,,,,,,,,,26,resigned
66.98,,,,,,,,,,,,,,,,,,38,resigned
66.7,,,,,,,,,,,,,,,,,,26,resigned
66.6,,,,,,,,,,,,,,,,,,47,checkmated
66.46,,,,,,,,,,,,,,,,,,48,timeout
66.4,,,,,,,,,,,,,,,,,,50,timeout
66.36,,,,,,,,,,,,,,,,,,55,timeout
66.31,,,,,,,,,,,,,,,,,,36,repetition
66.04,,,,,,,,,,,,,,,,,,38,checkmated
65.67,,,,,,,,,,,,,,,,,,30,resigned
65.6,,,,,,,,,,,,,,,,,,23,checkmated
65.44,,,,,,,,,,,,,,,,,,30,checkmated
65.43,,,,,,,,,,,,,,,,,,46,resigned
65.32,,,,,,,,,,,,,,,,,,20,resigned
65.32,,,,,,,,,,,,,,,,,,48,timeout
65.29,,,,,,,,,,,,,,,,,,27,resigned
65.07,,,,,,,,,,,,,,,,,,51,timeout
65.06,,,,,,,,,,,,,,,,,,22,resigned
65.03,,,,,,,,,,,,,,,,,,22,resigned
65,,,,,,,,,,,,,,,,,,39,checkmated
64.97,,,,,,,,,,,,,,,,,,42,checkmated
64.96,,,,,,,,,,,,,,,,,,53,timeout
64.8,,,,,,,,,,,,,,,,,,64,checkmated
64.36,,,,,,,,,,,,,,,,,,17,resigned
64.26,,,,,,,,,,,,,,,,,,26,checkmated
64.21,,,,,,,,,,,,,,,,,,27,resigned
64.12,,,,,,,,,,,,,,,,,,18,resigned
64.08,,,,,,,,,,,,,,,,,,36,resigned
63.63,,,,,,,,,,,,,,,,,,18,resigned
63.41,,,,,,,,,,,,,,,,,,49,checkmated
63.37,,,,,,,,,,,,,,,,,,56,timeout
63.2,,,,,,,,,,,,,,,,,,30,resigned
63.1,,,,,,,,,,,,,,,,,,58,timeout
63.08,,,,,,,,,,,,,,,,,,26,resigned
63.06,,,,,,,,,,,,,,,,,,69,timeout
62.9,,,,,,,,,,,,,,,,,,53,timeout
62.86,,,,,,,,,,,,,,,,,,46,timeout
62,,,,,,,,,,,,,,,,,,41,timeout
61.98,,,,,,,,,,,,,,,,,,14,resigned
61.72,,,,,,,,,,,,,,,,,,45,resigned
61.72,,,,,,,,,,,,,,,,,,43,timeout
61.72,,,,,,,,,,,,,,,,,,23,resigned
61.47,,,,,,,,,,,,,,,,,,26,timeout
61.36,,,,,,,,,,,,,,,,,,6,resigned
61.29,,,,,,,,,,,,,,,,,,64,timeout
60.97,,,,,,,,,,,,,,,,,,13,resigned
60.87,,,,,,,,,,,,,,,,,,37,checkmated
60.87,,,,,,,,,,,,,,,,,,34,timeout
60.79,,,,,,,,,,,,,,,,,,53,timeout
60.38,,,,,,,,,,,,,,,,,,18,resigned
60.09,,,,,,,,,,,,,,,,,,65,timeout
59.6,,,,,,,,,,,,,,,,,,71,checkmated
59.19,,,,,,,,,,,,,,,,,,42,checkmated
58.23,,,,,,,,,,,,,,,,,,16,resigned
57.18,,,,,,,,,,,,,,,,,,39,checkmated
57.09,,,,,,,,,,,,,,,,,,28,checkmated
57.05,,,,,,,,,,,,,,,,,,28,resigned
57.01,,,,,,,,,,,,,,,,,,12,checkmated
55.52,,,,,,,,,,,,,,,,,,15,checkmated
54.96,,,,,,,,,,,,,,,,,,22,checkmated
54.44,,,,,,,,,,,,,,,,,,27,timeout
53.94,,,,,,,,,,,,,,,,,,54,timeout
49.71,,,,,,,,,,,,,,,,,,,